GEOID,NAME,median_income
17031010100,Census Tract 101; Cook County; Illinois,74145.0
17031010201,Census Tract 102.01; Cook County; Illinois,63056.0
17031010202,Census Tract 102.02; Cook County; Illinois,53220.0
17031010300,Census Tract 103; Cook County; Illinois,73105.0
17031010400,Census Tract 104; Cook County; Illinois,54083.0
17031010501,Census Tract 105.01; Cook County; Illinois,48833.0
17031010502,Census Tract 105.02; Cook County; Illinois,63125.0
17031010503,Census Tract 105.03; Cook County; Illinois,32443.0
17031010600,Census Tract 106; Cook County; Illinois,72500.0
17031010701,Census Tract 107.01; Cook County; Illinois,74813.0
17031010702,Census Tract 107.02; Cook County; Illinois,61724.0
17031020100,Census Tract 201; Cook County; Illinois,64904.0
17031020200,Census Tract 202; Cook County; Illinois,120625.0
17031020301,Census Tract 203.01; Cook County; Illinois,78385.0
17031020302,Census Tract 203.02; Cook County; Illinois,71250.0
17031020400,Census Tract 204; Cook County; Illinois,73790.0
17031020500,Census Tract 205; Cook County; Illinois,37819.0
17031020601,Census Tract 206.01; Cook County; Illinois,64127.0
17031020602,Census Tract 206.02; Cook County; Illinois,89663.0
17031020701,Census Tract 207.01; Cook County; Illinois,108568.0
17031020702,Census Tract 207.02; Cook County; Illinois,63906.0
17031020801,Census Tract 208.01; Cook County; Illinois,74931.0
17031020802,Census Tract 208.02; Cook County; Illinois,68725.0
17031020901,Census Tract 209.01; Cook County; Illinois,56291.0
17031020902,Census Tract 209.02; Cook County; Illinois,45547.0
17031030101,Census Tract 301.01; Cook County; Illinois,48929.0
17031030102,Census Tract 301.02; Cook County; Illinois,59826.0
17031030103,Census Tract 301.03; Cook County; Illinois,49545.0
17031030104,Census Tract 301.04; Cook County; Illinois,41823.0
17031030200,Census Tract 302; Cook County; Illinois,108466.0
17031030300,Census Tract 303; Cook County; Illinois,68933.0
17031030400,Census Tract 304; Cook County; Illinois,98909.0
17031030500,Census Tract 305; Cook County; Illinois,127055.0
17031030601,Census Tract 306.01; Cook County; Illinois,52917.0
17031030603,Census Tract 306.03; Cook County; Illinois,49674.0
17031030604,Census Tract 306.04; Cook County; Illinois,51688.0
17031030701,Census Tract 307.01; Cook County; Illinois,44948.0
17031030702,Census Tract 307.02; Cook County; Illinois,60603.0
17031030703,Census Tract 307.03; Cook County; Illinois,74702.0
17031030706,Census Tract 307.06; Cook County; Illinois,52167.0
17031030800,Census Tract 308; Cook County; Illinois,105585.0
17031030900,Census Tract 309; Cook County; Illinois,87485.0
17031031000,Census Tract 310; Cook County; Illinois,132147.0
17031031100,Census Tract 311; Cook County; Illinois,92717.0
17031031200,Census Tract 312; Cook County; Illinois,25713.0
17031031300,Census Tract 313; Cook County; Illinois,68942.0
17031031400,Census Tract 314; Cook County; Illinois,93026.0
17031031501,Census Tract 315.01; Cook County; Illinois,52250.0
17031031502,Census Tract 315.02; Cook County; Illinois,49684.0
17031031700,Census Tract 317; Cook County; Illinois,79867.0
17031031800,Census Tract 318; Cook County; Illinois,82313.0
17031031900,Census Tract 319; Cook County; Illinois,94107.0
17031032100,Census Tract 321; Cook County; Illinois,72515.0
17031040100,Census Tract 401; Cook County; Illinois,90952.0
17031040201,Census Tract 402.01; Cook County; Illinois,104484.0
17031040202,Census Tract 402.02; Cook County; Illinois,67832.0
17031040300,Census Tract 403; Cook County; Illinois,78879.0
17031040401,Census Tract 404.01; Cook County; Illinois,108899.0
17031040402,Census Tract 404.02; Cook County; Illinois,99201.0
17031040600,Census Tract 406; Cook County; Illinois,89091.0
17031040700,Census Tract 407; Cook County; Illinois,105365.0
17031040800,Census Tract 408; Cook County; Illinois,114397.0
17031040900,Census Tract 409; Cook County; Illinois,86359.0
17031050100,Census Tract 501; Cook County; Illinois,116438.0
17031050200,Census Tract 502; Cook County; Illinois,133708.0
17031050300,Census Tract 503; Cook County; Illinois,151630.0
17031050500,Census Tract 505; Cook County; Illinois,141563.0
17031050600,Census Tract 506; Cook County; Illinois,137083.0
17031050700,Census Tract 507; Cook County; Illinois,135653.0
17031050800,Census Tract 508; Cook County; Illinois,190469.0
17031050900,Census Tract 509; Cook County; Illinois,132258.0
17031051000,Census Tract 510; Cook County; Illinois,186458.0
17031051100,Census Tract 511; Cook County; Illinois,161900.0
17031051200,Census Tract 512; Cook County; Illinois,176571.0
17031051300,Census Tract 513; Cook County; Illinois,147386.0
17031051400,Census Tract 514; Cook County; Illinois,167194.0
17031060100,Census Tract 601; Cook County; Illinois,157917.0
17031060200,Census Tract 602; Cook County; Illinois,85417.0
17031060300,Census Tract 603; Cook County; Illinois,173125.0
17031060400,Census Tract 604; Cook County; Illinois,153625.0
17031060500,Census Tract 605; Cook County; Illinois,52143.0
17031060800,Census Tract 608; Cook County; Illinois,90174.0
17031060900,Census Tract 609; Cook County; Illinois,79016.0
17031061000,Census Tract 610; Cook County; Illinois,121332.0
17031061100,Census Tract 611; Cook County; Illinois,117330.0
17031061200,Census Tract 612; Cook County; Illinois,122857.0
17031061500,Census Tract 615; Cook County; Illinois,128958.0
17031061800,Census Tract 618; Cook County; Illinois,85139.0
17031061901,Census Tract 619.01; Cook County; Illinois,73769.0
17031061902,Census Tract 619.02; Cook County; Illinois,95705.0
17031062000,Census Tract 620; Cook County; Illinois,121375.0
17031062100,Census Tract 621; Cook County; Illinois,103462.0
17031062200,Census Tract 622; Cook County; Illinois,197159.0
17031062400,Census Tract 624; Cook County; Illinois,152361.0
17031062500,Census Tract 625; Cook County; Illinois,203333.0
17031062600,Census Tract 626; Cook County; Illinois,210536.0
17031062700,Census Tract 627; Cook County; Illinois,146979.0
17031062800,Census Tract 628; Cook County; Illinois,190139.0
17031062900,Census Tract 629; Cook County; Illinois,169906.0
17031063000,Census Tract 630; Cook County; Illinois,102040.0
17031063100,Census Tract 631; Cook County; Illinois,94948.0
17031063200,Census Tract 632; Cook County; Illinois,79782.0
17031063301,Census Tract 633.01; Cook County; Illinois,66901.0
17031063302,Census Tract 633.02; Cook County; Illinois,98219.0
17031063303,Census Tract 633.03; Cook County; Illinois,107639.0
17031063400,Census Tract 634; Cook County; Illinois,86979.0
17031070101,Census Tract 701.01; Cook County; Illinois,83614.0
17031070102,Census Tract 701.02; Cook County; Illinois,110577.0
17031070103,Census Tract 701.03; Cook County; Illinois,73581.0
17031070200,Census Tract 702; Cook County; Illinois,109000.0
17031070300,Census Tract 703; Cook County; Illinois,156898.0
17031070400,Census Tract 704; Cook County; Illinois,192955.0
17031070500,Census Tract 705; Cook County; Illinois,207076.0
17031070600,Census Tract 706; Cook County; Illinois,249531.0
17031070700,Census Tract 707; Cook County; Illinois,143955.0
17031071000,Census Tract 710; Cook County; Illinois,179438.0
17031071100,Census Tract 711; Cook County; Illinois,204609.0
17031071200,Census Tract 712; Cook County; Illinois,131383.0
17031071300,Census Tract 713; Cook County; Illinois,129486.0
17031071400,Census Tract 714; Cook County; Illinois,113581.0
17031071500,Census Tract 715; Cook County; Illinois,119024.0
17031071600,Census Tract 716; Cook County; Illinois,204375.0
17031071700,Census Tract 717; Cook County; Illinois,202500.0
17031071800,Census Tract 718; Cook County; Illinois,241228.0
17031080100,Census Tract 801; Cook County; Illinois,105000.0
17031080201,Census Tract 802.01; Cook County; Illinois,120409.0
17031080202,Census Tract 802.02; Cook County; Illinois,106071.0
17031080300,Census Tract 803; Cook County; Illinois,151830.0
17031080400,Census Tract 804; Cook County; Illinois,68270.0
17031081000,Census Tract 810; Cook County; Illinois,79465.0
17031081100,Census Tract 811; Cook County; Illinois,79561.0
17031081201,Census Tract 812.01; Cook County; Illinois,122659.0
17031081202,Census Tract 812.02; Cook County; Illinois,154569.0
17031081300,Census Tract 813; Cook County; Illinois,108625.0
17031081401,Census Tract 814.01; Cook County; Illinois,83292.0
17031081402,Census Tract 814.02; Cook County; Illinois,170333.0
17031081403,Census Tract 814.03; Cook County; Illinois,110327.0
17031081500,Census Tract 815; Cook County; Illinois,134320.0
17031081600,Census Tract 816; Cook County; Illinois,145500.0
17031081700,Census Tract 817; Cook County; Illinois,142821.0
17031081800,Census Tract 818; Cook County; Illinois,147354.0
17031081900,Census Tract 819; Cook County; Illinois,225694.0
17031090100,Census Tract 901; Cook County; Illinois,140194.0
17031090200,Census Tract 902; Cook County; Illinois,127384.0
17031090300,Census Tract 903; Cook County; Illinois,116438.0
17031100100,Census Tract 1001; Cook County; Illinois,114536.0
17031100200,Census Tract 1002; Cook County; Illinois,94167.0
17031100300,Census Tract 1003; Cook County; Illinois,95441.0
17031100400,Census Tract 1004; Cook County; Illinois,142123.0
17031100500,Census Tract 1005; Cook County; Illinois,128688.0
17031100600,Census Tract 1006; Cook County; Illinois,78689.0
17031100700,Census Tract 1007; Cook County; Illinois,134767.0
17031110100,Census Tract 1101; Cook County; Illinois,97743.0
17031110200,Census Tract 1102; Cook County; Illinois,76563.0
17031110300,Census Tract 1103; Cook County; Illinois,119750.0
17031110400,Census Tract 1104; Cook County; Illinois,92315.0
17031110501,Census Tract 1105.01; Cook County; Illinois,105568.0
17031110502,Census Tract 1105.02; Cook County; Illinois,71992.0
17031120100,Census Tract 1201; Cook County; Illinois,163007.0
17031120200,Census Tract 1202; Cook County; Illinois,141458.0
17031120300,Census Tract 1203; Cook County; Illinois,139338.0
17031120400,Census Tract 1204; Cook County; Illinois,108145.0
17031130100,Census Tract 1301; Cook County; Illinois,34565.0
17031130200,Census Tract 1302; Cook County; Illinois,120625.0
17031130300,Census Tract 1303; Cook County; Illinois,67833.0
17031140100,Census Tract 1401; Cook County; Illinois,78686.0
17031140200,Census Tract 1402; Cook County; Illinois,75067.0
17031140301,Census Tract 1403.01; Cook County; Illinois,75616.0
17031140302,Census Tract 1403.02; Cook County; Illinois,97574.0
17031140400,Census Tract 1404; Cook County; Illinois,110306.0
17031140500,Census Tract 1405; Cook County; Illinois,73889.0
17031140601,Census Tract 1406.01; Cook County; Illinois,85375.0
17031140602,Census Tract 1406.02; Cook County; Illinois,62033.0
17031140701,Census Tract 1407.01; Cook County; Illinois,97500.0
17031140702,Census Tract 1407.02; Cook County; Illinois,76392.0
17031140800,Census Tract 1408; Cook County; Illinois,108958.0
17031150200,Census Tract 1502; Cook County; Illinois,105145.0
17031150300,Census Tract 1503; Cook County; Illinois,89097.0
17031150401,Census Tract 1504.01; Cook County; Illinois,86563.0
17031150402,Census Tract 1504.02; Cook County; Illinois,103939.0
17031150501,Census Tract 1505.01; Cook County; Illinois,126471.0
17031150502,Census Tract 1505.02; Cook County; Illinois,79659.0
17031150600,Census Tract 1506; Cook County; Illinois,102399.0
17031150700,Census Tract 1507; Cook County; Illinois,132361.0
17031150800,Census Tract 1508; Cook County; Illinois,92443.0
17031151001,Census Tract 1510.01; Cook County; Illinois,94435.0
17031151002,Census Tract 1510.02; Cook County; Illinois,75875.0
17031151100,Census Tract 1511; Cook County; Illinois,62717.0
17031151200,Census Tract 1512; Cook County; Illinois,69776.0
17031160100,Census Tract 1601; Cook County; Illinois,111250.0
17031160200,Census Tract 1602; Cook County; Illinois,132599.0
17031160300,Census Tract 1603; Cook County; Illinois,68887.0
17031160400,Census Tract 1604; Cook County; Illinois,81375.0
17031160501,Census Tract 1605.01; Cook County; Illinois,80179.0
17031160502,Census Tract 1605.02; Cook County; Illinois,114719.0
17031160601,Census Tract 1606.01; Cook County; Illinois,75536.0
17031160602,Census Tract 1606.02; Cook County; Illinois,99531.0
17031160700,Census Tract 1607; Cook County; Illinois,93750.0
17031160800,Census Tract 1608; Cook County; Illinois,87676.0
17031160900,Census Tract 1609; Cook County; Illinois,109598.0
17031161000,Census Tract 1610; Cook County; Illinois,109524.0
17031161100,Census Tract 1611; Cook County; Illinois,149722.0
17031161200,Census Tract 1612; Cook County; Illinois,80132.0
17031161300,Census Tract 1613; Cook County; Illinois,59353.0
17031170100,Census Tract 1701; Cook County; Illinois,51944.0
17031170200,Census Tract 1702; Cook County; Illinois,110602.0
17031170300,Census Tract 1703; Cook County; Illinois,82203.0
17031170400,Census Tract 1704; Cook County; Illinois,110800.0
17031170500,Census Tract 1705; Cook County; Illinois,85250.0
17031170600,Census Tract 1706; Cook County; Illinois,81004.0
17031170700,Census Tract 1707; Cook County; Illinois,90611.0
17031170800,Census Tract 1708; Cook County; Illinois,80446.0
17031170900,Census Tract 1709; Cook County; Illinois,64202.0
17031171000,Census Tract 1710; Cook County; Illinois,86597.0
17031171100,Census Tract 1711; Cook County; Illinois,95781.0
17031180100,Census Tract 1801; Cook County; Illinois,86632.0
17031190100,Census Tract 1901; Cook County; Illinois,56713.0
17031190200,Census Tract 1902; Cook County; Illinois,80380.0
17031190300,Census Tract 1903; Cook County; Illinois,78750.0
17031190401,Census Tract 1904.01; Cook County; Illinois,115000.0
17031190402,Census Tract 1904.02; Cook County; Illinois,63140.0
17031190601,Census Tract 1906.01; Cook County; Illinois,77316.0
17031190602,Census Tract 1906.02; Cook County; Illinois,82232.0
17031190701,Census Tract 1907.01; Cook County; Illinois,68810.0
17031190702,Census Tract 1907.02; Cook County; Illinois,62813.0
17031190800,Census Tract 1908; Cook County; Illinois,52880.0
17031190900,Census Tract 1909; Cook County; Illinois,77778.0
17031191000,Census Tract 1910; Cook County; Illinois,58182.0
17031191100,Census Tract 1911; Cook County; Illinois,51958.0
17031191200,Census Tract 1912; Cook County; Illinois,51449.0
17031191301,Census Tract 1913.01; Cook County; Illinois,69783.0
17031191302,Census Tract 1913.02; Cook County; Illinois,62146.0
17031200100,Census Tract 2001; Cook County; Illinois,81131.0
17031200200,Census Tract 2002; Cook County; Illinois,69335.0
17031200300,Census Tract 2003; Cook County; Illinois,48977.0
17031200401,Census Tract 2004.01; Cook County; Illinois,69046.0
17031200402,Census Tract 2004.02; Cook County; Illinois,80784.0
17031210100,Census Tract 2101; Cook County; Illinois,115018.0
17031210400,Census Tract 2104; Cook County; Illinois,71183.0
17031210501,Census Tract 2105.01; Cook County; Illinois,76379.0
17031210502,Census Tract 2105.02; Cook County; Illinois,78881.0
17031210601,Census Tract 2106.01; Cook County; Illinois,84271.0
17031210602,Census Tract 2106.02; Cook County; Illinois,87571.0
17031210700,Census Tract 2107; Cook County; Illinois,89196.0
17031210800,Census Tract 2108; Cook County; Illinois,104701.0
17031210900,Census Tract 2109; Cook County; Illinois,101288.0
17031220300,Census Tract 2203; Cook County; Illinois,101875.0
17031220400,Census Tract 2204; Cook County; Illinois,126273.0
17031220500,Census Tract 2205; Cook County; Illinois,102552.0
17031220601,Census Tract 2206.01; Cook County; Illinois,134000.0
17031220602,Census Tract 2206.02; Cook County; Illinois,77650.0
17031220701,Census Tract 2207.01; Cook County; Illinois,77904.0
17031220702,Census Tract 2207.02; Cook County; Illinois,84167.0
17031220901,Census Tract 2209.01; Cook County; Illinois,96458.0
17031220902,Census Tract 2209.02; Cook County; Illinois,82104.0
17031221000,Census Tract 2210; Cook County; Illinois,91914.0
17031221100,Census Tract 2211; Cook County; Illinois,104342.0
17031221200,Census Tract 2212; Cook County; Illinois,127795.0
17031221300,Census Tract 2213; Cook County; Illinois,89158.0
17031221400,Census Tract 2214; Cook County; Illinois,100565.0
17031221500,Census Tract 2215; Cook County; Illinois,92193.0
17031221600,Census Tract 2216; Cook County; Illinois,145625.0
17031222200,Census Tract 2222; Cook County; Illinois,176711.0
17031222500,Census Tract 2225; Cook County; Illinois,159468.0
17031222600,Census Tract 2226; Cook County; Illinois,97632.0
17031222700,Census Tract 2227; Cook County; Illinois,88158.0
17031222800,Census Tract 2228; Cook County; Illinois,73403.0
17031222900,Census Tract 2229; Cook County; Illinois,92386.0
17031230100,Census Tract 2301; Cook County; Illinois,84453.0
17031230200,Census Tract 2302; Cook County; Illinois,96471.0
17031230300,Census Tract 2303; Cook County; Illinois,68229.0
17031230400,Census Tract 2304; Cook County; Illinois,104050.0
17031230500,Census Tract 2305; Cook County; Illinois,48371.0
17031230600,Census Tract 2306; Cook County; Illinois,59351.0
17031230700,Census Tract 2307; Cook County; Illinois,36820.0
17031230800,Census Tract 2308; Cook County; Illinois,65648.0
17031230900,Census Tract 2309; Cook County; Illinois,71224.0
17031231100,Census Tract 2311; Cook County; Illinois,60859.0
17031231200,Census Tract 2312; Cook County; Illinois,40122.0
17031231500,Census Tract 2315; Cook County; Illinois,30637.0
17031240200,Census Tract 2402; Cook County; Illinois,168862.0
17031240300,Census Tract 2403; Cook County; Illinois,171528.0
17031240500,Census Tract 2405; Cook County; Illinois,184580.0
17031240600,Census Tract 2406; Cook County; Illinois,170625.0
17031240700,Census Tract 2407; Cook County; Illinois,95921.0
17031240800,Census Tract 2408; Cook County; Illinois,79643.0
17031240900,Census Tract 2409; Cook County; Illinois,100854.0
17031241000,Census Tract 2410; Cook County; Illinois,98304.0
17031241100,Census Tract 2411; Cook County; Illinois,101016.0
17031241200,Census Tract 2412; Cook County; Illinois,151891.0
17031241300,Census Tract 2413; Cook County; Illinois,173929.0
17031241400,Census Tract 2414; Cook County; Illinois,186537.0
17031241500,Census Tract 2415; Cook County; Illinois,190000.0
17031241600,Census Tract 2416; Cook County; Illinois,117027.0
17031242000,Census Tract 2420; Cook County; Illinois,137333.0
17031242100,Census Tract 2421; Cook County; Illinois,219385.0
17031242200,Census Tract 2422; Cook County; Illinois,162976.0
17031242300,Census Tract 2423; Cook County; Illinois,116094.0
17031242400,Census Tract 2424; Cook County; Illinois,110795.0
17031242500,Census Tract 2425; Cook County; Illinois,97438.0
17031242600,Census Tract 2426; Cook County; Illinois,96607.0
17031242700,Census Tract 2427; Cook County; Illinois,82351.0
17031242800,Census Tract 2428; Cook County; Illinois,180750.0
17031242900,Census Tract 2429; Cook County; Illinois,141645.0
17031243000,Census Tract 2430; Cook County; Illinois,149280.0
17031243100,Census Tract 2431; Cook County; Illinois,125000.0
17031243200,Census Tract 2432; Cook County; Illinois,123750.0
17031243300,Census Tract 2433; Cook County; Illinois,128000.0
17031243400,Census Tract 2434; Cook County; Illinois,125278.0
17031243500,Census Tract 2435; Cook County; Illinois,157283.0
17031250200,Census Tract 2502; Cook County; Illinois,45956.0
17031250300,Census Tract 2503; Cook County; Illinois,60573.0
17031250400,Census Tract 2504; Cook County; Illinois,47723.0
17031250500,Census Tract 2505; Cook County; Illinois,102237.0
17031250700,Census Tract 2507; Cook County; Illinois,50858.0
17031250800,Census Tract 2508; Cook County; Illinois,77414.0
17031251000,Census Tract 2510; Cook County; Illinois,40625.0
17031251100,Census Tract 2511; Cook County; Illinois,43370.0
17031251200,Census Tract 2512; Cook County; Illinois,60064.0
17031251300,Census Tract 2513; Cook County; Illinois,43138.0
17031251400,Census Tract 2514; Cook County; Illinois,24160.0
17031251500,Census Tract 2515; Cook County; Illinois,54938.0
17031251600,Census Tract 2516; Cook County; Illinois,46869.0
17031251700,Census Tract 2517; Cook County; Illinois,55750.0
17031251800,Census Tract 2518; Cook County; Illinois,34220.0
17031251900,Census Tract 2519; Cook County; Illinois,42677.0
17031252000,Census Tract 2520; Cook County; Illinois,36645.0
17031252101,Census Tract 2521.01; Cook County; Illinois,51250.0
17031252102,Census Tract 2521.02; Cook County; Illinois,52049.0
17031252201,Census Tract 2522.01; Cook County; Illinois,49100.0
17031252202,Census Tract 2522.02; Cook County; Illinois,46875.0
17031260100,Census Tract 2601; Cook County; Illinois,15817.0
17031260200,Census Tract 2602; Cook County; Illinois,49250.0
17031260500,Census Tract 2605; Cook County; Illinois,54417.0
17031260600,Census Tract 2606; Cook County; Illinois,50368.0
17031260700,Census Tract 2607; Cook County; Illinois,67986.0
17031260800,Census Tract 2608; Cook County; Illinois,35462.0
17031260900,Census Tract 2609; Cook County; Illinois,23495.0
17031261000,Census Tract 2610; Cook County; Illinois,47708.0
17031270500,Census Tract 2705; Cook County; Illinois,24181.0
17031271200,Census Tract 2712; Cook County; Illinois,32905.0
17031271300,Census Tract 2713; Cook County; Illinois,45488.0
17031271400,Census Tract 2714; Cook County; Illinois,41591.0
17031271500,Census Tract 2715; Cook County; Illinois,52390.0
17031271800,Census Tract 2718; Cook County; Illinois,90331.0
17031280100,Census Tract 2801; Cook County; Illinois,146383.0
17031280400,Census Tract 2804; Cook County; Illinois,40699.0
17031280800,Census Tract 2808; Cook County; Illinois,30231.0
17031280900,Census Tract 2809; Cook County; Illinois,46471.0
17031281900,Census Tract 2819; Cook County; Illinois,121838.0
17031282700,Census Tract 2827; Cook County; Illinois,103942.0
17031282800,Census Tract 2828; Cook County; Illinois,110313.0
17031283200,Census Tract 2832; Cook County; Illinois,66404.0
17031283800,Census Tract 2838; Cook County; Illinois,85972.0
17031290900,Census Tract 2909; Cook County; Illinois,57753.0
17031291600,Census Tract 2916; Cook County; Illinois,118906.0
17031292200,Census Tract 2922; Cook County; Illinois,50547.0
17031292400,Census Tract 2924; Cook County; Illinois,41733.0
17031292500,Census Tract 2925; Cook County; Illinois,56283.0
17031300500,Census Tract 3005; Cook County; Illinois,87721.0
17031300600,Census Tract 3006; Cook County; Illinois,59097.0
17031300700,Census Tract 3007; Cook County; Illinois,48435.0
17031300800,Census Tract 3008; Cook County; Illinois,36349.0
17031300900,Census Tract 3009; Cook County; Illinois,32378.0
17031301100,Census Tract 3011; Cook County; Illinois,52881.0
17031301200,Census Tract 3012; Cook County; Illinois,48160.0
17031301600,Census Tract 3016; Cook County; Illinois,43077.0
17031301701,Census Tract 3017.01; Cook County; Illinois,58678.0
17031301702,Census Tract 3017.02; Cook County; Illinois,76579.0
17031301801,Census Tract 3018.01; Cook County; Illinois,51235.0
17031301802,Census Tract 3018.02; Cook County; Illinois,32165.0
17031301803,Census Tract 3018.03; Cook County; Illinois,62102.0
17031310200,Census Tract 3102; Cook County; Illinois,104167.0
17031310300,Census Tract 3103; Cook County; Illinois,78906.0
17031310400,Census Tract 3104; Cook County; Illinois,83271.0
17031310500,Census Tract 3105; Cook County; Illinois,63070.0
17031310600,Census Tract 3106; Cook County; Illinois,86938.0
17031310700,Census Tract 3107; Cook County; Illinois,76111.0
17031310800,Census Tract 3108; Cook County; Illinois,69435.0
17031310900,Census Tract 3109; Cook County; Illinois,84571.0
17031320101,Census Tract 3201.01; Cook County; Illinois,125862.0
17031320102,Census Tract 3201.02; Cook County; Illinois,97725.0
17031320400,Census Tract 3204; Cook County; Illinois,145278.0
17031320600,Census Tract 3206; Cook County; Illinois,118670.0
17031330101,Census Tract 3301.01; Cook County; Illinois,171388.0
17031330102,Census Tract 3301.02; Cook County; Illinois,120182.0
17031330103,Census Tract 3301.03; Cook County; Illinois,97758.0
17031330200,Census Tract 3302; Cook County; Illinois,143558.0
17031340300,Census Tract 3403; Cook County; Illinois,53030.0
17031340400,Census Tract 3404; Cook County; Illinois,40583.0
17031340500,Census Tract 3405; Cook County; Illinois,62288.0
17031340600,Census Tract 3406; Cook County; Illinois,21279.0
17031350100,Census Tract 3501; Cook County; Illinois,58295.0
17031350400,Census Tract 3504; Cook County; Illinois,20515.0
17031351000,Census Tract 3510; Cook County; Illinois,61736.0
17031351100,Census Tract 3511; Cook County; Illinois,15921.0
17031351500,Census Tract 3515; Cook County; Illinois,77206.0
17031360200,Census Tract 3602; Cook County; Illinois,26143.0
17031380100,Census Tract 3801; Cook County; Illinois,80216.0
17031380200,Census Tract 3802; Cook County; Illinois,17138.0
17031380600,Census Tract 3806; Cook County; Illinois,49134.0
17031381200,Census Tract 3812; Cook County; Illinois,46407.0
17031381400,Census Tract 3814; Cook County; Illinois,47931.0
17031381500,Census Tract 3815; Cook County; Illinois,26738.0
17031381800,Census Tract 3818; Cook County; Illinois,43281.0
17031381900,Census Tract 3819; Cook County; Illinois,73750.0
17031390100,Census Tract 3901; Cook County; Illinois,55893.0
17031390200,Census Tract 3902; Cook County; Illinois,110806.0
17031390400,Census Tract 3904; Cook County; Illinois,38507.0
17031390500,Census Tract 3905; Cook County; Illinois,83938.0
17031390600,Census Tract 3906; Cook County; Illinois,95542.0
17031390700,Census Tract 3907; Cook County; Illinois,73704.0
17031400300,Census Tract 4003; Cook County; Illinois,90716.0
17031400400,Census Tract 4004; Cook County; Illinois,32235.0
17031400500,Census Tract 4005; Cook County; Illinois,38373.0
17031400800,Census Tract 4008; Cook County; Illinois,23059.0
17031410100,Census Tract 4101; Cook County; Illinois,63931.0
17031410200,Census Tract 4102; Cook County; Illinois,56848.0
17031410500,Census Tract 4105; Cook County; Illinois,65240.0
17031410600,Census Tract 4106; Cook County; Illinois,49475.0
17031410700,Census Tract 4107; Cook County; Illinois,45114.0
17031410800,Census Tract 4108; Cook County; Illinois,71989.0
17031410900,Census Tract 4109; Cook County; Illinois,73828.0
17031411000,Census Tract 4110; Cook County; Illinois,70893.0
17031411100,Census Tract 4111; Cook County; Illinois,117500.0
17031411200,Census Tract 4112; Cook County; Illinois,101071.0
17031420200,Census Tract 4202; Cook County; Illinois,44375.0
17031420300,Census Tract 4203; Cook County; Illinois,42973.0
17031420400,Census Tract 4204; Cook County; Illinois,37946.0
17031420500,Census Tract 4205; Cook County; Illinois,22309.0
17031420600,Census Tract 4206; Cook County; Illinois,52989.0
17031420700,Census Tract 4207; Cook County; Illinois,38076.0
17031420800,Census Tract 4208; Cook County; Illinois,47540.0
17031421200,Census Tract 4212; Cook County; Illinois,45550.0
17031430101,Census Tract 4301.01; Cook County; Illinois,31875.0
17031430102,Census Tract 4301.02; Cook County; Illinois,52955.0
17031430200,Census Tract 4302; Cook County; Illinois,54479.0
17031430300,Census Tract 4303; Cook County; Illinois,38542.0
17031430400,Census Tract 4304; Cook County; Illinois,41964.0
17031430500,Census Tract 4305; Cook County; Illinois,33322.0
17031430600,Census Tract 4306; Cook County; Illinois,43479.0
17031430700,Census Tract 4307; Cook County; Illinois,32786.0
17031430800,Census Tract 4308; Cook County; Illinois,61750.0
17031430900,Census Tract 4309; Cook County; Illinois,38824.0
17031431200,Census Tract 4312; Cook County; Illinois,58661.0
17031431301,Census Tract 4313.01; Cook County; Illinois,47235.0
17031431302,Census Tract 4313.02; Cook County; Illinois,32083.0
17031431400,Census Tract 4314; Cook County; Illinois,48529.0
17031440101,Census Tract 4401.01; Cook County; Illinois,31894.0
17031440102,Census Tract 4401.02; Cook County; Illinois,31563.0
17031440201,Census Tract 4402.01; Cook County; Illinois,39897.0
17031440202,Census Tract 4402.02; Cook County; Illinois,34651.0
17031440300,Census Tract 4403; Cook County; Illinois,59227.0
17031440600,Census Tract 4406; Cook County; Illinois,68102.0
17031440700,Census Tract 4407; Cook County; Illinois,81705.0
17031440800,Census Tract 4408; Cook County; Illinois,26890.0
17031440900,Census Tract 4409; Cook County; Illinois,56875.0
17031450300,Census Tract 4503; Cook County; Illinois,45869.0
17031460100,Census Tract 4601; Cook County; Illinois,42434.0
17031460200,Census Tract 4602; Cook County; Illinois,29022.0
17031460301,Census Tract 4603.01; Cook County; Illinois,44464.0
17031460302,Census Tract 4603.02; Cook County; Illinois,48263.0
17031460400,Census Tract 4604; Cook County; Illinois,70169.0
17031460500,Census Tract 4605; Cook County; Illinois,52768.0
17031460800,Census Tract 4608; Cook County; Illinois,36812.0
17031461000,Census Tract 4610; Cook County; Illinois,14601.0
17031470100,Census Tract 4701; Cook County; Illinois,47054.0
17031480100,Census Tract 4801; Cook County; Illinois,72625.0
17031480200,Census Tract 4802; Cook County; Illinois,52132.0
17031480300,Census Tract 4803; Cook County; Illinois,55772.0
17031480400,Census Tract 4804; Cook County; Illinois,70232.0
17031480500,Census Tract 4805; Cook County; Illinois,60700.0
17031490200,Census Tract 4902; Cook County; Illinois,60741.0
17031490500,Census Tract 4905; Cook County; Illinois,87917.0
17031490600,Census Tract 4906; Cook County; Illinois,71498.0
17031490700,Census Tract 4907; Cook County; Illinois,41667.0
17031490800,Census Tract 4908; Cook County; Illinois,65929.0
17031490901,Census Tract 4909.01; Cook County; Illinois,33398.0
17031490902,Census Tract 4909.02; Cook County; Illinois,76333.0
17031491000,Census Tract 4910; Cook County; Illinois,36915.0
17031491100,Census Tract 4911; Cook County; Illinois,79444.0
17031491200,Census Tract 4912; Cook County; Illinois,57407.0
17031491300,Census Tract 4913; Cook County; Illinois,37745.0
17031491400,Census Tract 4914; Cook County; Illinois,27381.0
17031500100,Census Tract 5001; Cook County; Illinois,73780.0
17031500200,Census Tract 5002; Cook County; Illinois,49028.0
17031500300,Census Tract 5003; Cook County; Illinois,52500.0
17031510100,Census Tract 5101; Cook County; Illinois,72543.0
17031510200,Census Tract 5102; Cook County; Illinois,68056.0
17031510300,Census Tract 5103; Cook County; Illinois,36232.0
17031520100,Census Tract 5201; Cook County; Illinois,46786.0
17031520200,Census Tract 5202; Cook County; Illinois,47436.0
17031520300,Census Tract 5203; Cook County; Illinois,60639.0
17031520400,Census Tract 5204; Cook County; Illinois,50751.0
17031520500,Census Tract 5205; Cook County; Illinois,90651.0
17031520600,Census Tract 5206; Cook County; Illinois,75417.0
17031530100,Census Tract 5301; Cook County; Illinois,30283.0
17031530200,Census Tract 5302; Cook County; Illinois,43800.0
17031530300,Census Tract 5303; Cook County; Illinois,69177.0
17031530400,Census Tract 5304; Cook County; Illinois,63750.0
17031530501,Census Tract 5305.01; Cook County; Illinois,44292.0
17031530502,Census Tract 5305.02; Cook County; Illinois,76500.0
17031530503,Census Tract 5305.03; Cook County; Illinois,52857.0
17031530600,Census Tract 5306; Cook County; Illinois,66974.0
17031540101,Census Tract 5401.01; Cook County; Illinois,13585.0
17031540102,Census Tract 5401.02; Cook County; Illinois,21107.0
17031550100,Census Tract 5501; Cook County; Illinois,54605.0
17031550200,Census Tract 5502; Cook County; Illinois,78357.0
17031560100,Census Tract 5601; Cook County; Illinois,74318.0
17031560200,Census Tract 5602; Cook County; Illinois,58158.0
17031560300,Census Tract 5603; Cook County; Illinois,75473.0
17031560400,Census Tract 5604; Cook County; Illinois,69148.0
17031560700,Census Tract 5607; Cook County; Illinois,89844.0
17031560800,Census Tract 5608; Cook County; Illinois,110417.0
17031560900,Census Tract 5609; Cook County; Illinois,115216.0
17031561000,Census Tract 5610; Cook County; Illinois,89278.0
17031561100,Census Tract 5611; Cook County; Illinois,103878.0
17031570100,Census Tract 5701; Cook County; Illinois,76490.0
17031570300,Census Tract 5703; Cook County; Illinois,57303.0
17031570400,Census Tract 5704; Cook County; Illinois,73475.0
17031570500,Census Tract 5705; Cook County; Illinois,81422.0
17031580100,Census Tract 5801; Cook County; Illinois,40929.0
17031580200,Census Tract 5802; Cook County; Illinois,38896.0
17031580300,Census Tract 5803; Cook County; Illinois,82240.0
17031580400,Census Tract 5804; Cook County; Illinois,58889.0
17031580501,Census Tract 5805.01; Cook County; Illinois,74667.0
17031580502,Census Tract 5805.02; Cook County; Illinois,62552.0
17031580600,Census Tract 5806; Cook County; Illinois,78798.0
17031580700,Census Tract 5807; Cook County; Illinois,61616.0
17031580800,Census Tract 5808; Cook County; Illinois,62273.0
17031590500,Census Tract 5905; Cook County; Illinois,71042.0
17031590600,Census Tract 5906; Cook County; Illinois,95114.0
17031590700,Census Tract 5907; Cook County; Illinois,72355.0
17031600400,Census Tract 6004; Cook County; Illinois,66964.0
17031600600,Census Tract 6006; Cook County; Illinois,65759.0
17031600700,Census Tract 6007; Cook County; Illinois,71382.0
17031600900,Census Tract 6009; Cook County; Illinois,54107.0
17031610300,Census Tract 6103; Cook County; Illinois,44870.0
17031610400,Census Tract 6104; Cook County; Illinois,50313.0
17031610800,Census Tract 6108; Cook County; Illinois,108750.0
17031611300,Census Tract 6113; Cook County; Illinois,48484.0
17031611400,Census Tract 6114; Cook County; Illinois,36724.0
17031611500,Census Tract 6115; Cook County; Illinois,55647.0
17031611600,Census Tract 6116; Cook County; Illinois,81288.0
17031611800,Census Tract 6118; Cook County; Illinois,51875.0
17031611900,Census Tract 6119; Cook County; Illinois,47724.0
17031612000,Census Tract 6120; Cook County; Illinois,56667.0
17031612100,Census Tract 6121; Cook County; Illinois,26250.0
17031612200,Census Tract 6122; Cook County; Illinois,60256.0
17031620100,Census Tract 6201; Cook County; Illinois,113750.0
17031620200,Census Tract 6202; Cook County; Illinois,63750.0
17031620300,Census Tract 6203; Cook County; Illinois,73804.0
17031620400,Census Tract 6204; Cook County; Illinois,56798.0
17031630300,Census Tract 6303; Cook County; Illinois,63835.0
17031630400,Census Tract 6304; Cook County; Illinois,64736.0
17031630500,Census Tract 6305; Cook County; Illinois,54846.0
17031630600,Census Tract 6306; Cook County; Illinois,61611.0
17031630800,Census Tract 6308; Cook County; Illinois,75699.0
17031630900,Census Tract 6309; Cook County; Illinois,52873.0
17031640100,Census Tract 6401; Cook County; Illinois,57411.0
17031640300,Census Tract 6403; Cook County; Illinois,92568.0
17031640400,Census Tract 6404; Cook County; Illinois,100192.0
17031640500,Census Tract 6405; Cook County; Illinois,72549.0
17031640600,Census Tract 6406; Cook County; Illinois,75461.0
17031640700,Census Tract 6407; Cook County; Illinois,77691.0
17031640800,Census Tract 6408; Cook County; Illinois,51833.0
17031650100,Census Tract 6501; Cook County; Illinois,68476.0
17031650200,Census Tract 6502; Cook County; Illinois,80335.0
17031650301,Census Tract 6503.01; Cook County; Illinois,54770.0
17031650302,Census Tract 6503.02; Cook County; Illinois,65722.0
17031650400,Census Tract 6504; Cook County; Illinois,76500.0
17031650500,Census Tract 6505; Cook County; Illinois,65833.0
17031660301,Census Tract 6603.01; Cook County; Illinois,26538.0
17031660302,Census Tract 6603.02; Cook County; Illinois,55430.0
17031660400,Census Tract 6604; Cook County; Illinois,47804.0
17031660500,Census Tract 6605; Cook County; Illinois,72238.0
17031660600,Census Tract 6606; Cook County; Illinois,45738.0
17031660700,Census Tract 6607; Cook County; Illinois,29577.0
17031660800,Census Tract 6608; Cook County; Illinois,47248.0
17031660900,Census Tract 6609; Cook County; Illinois,43137.0
17031661000,Census Tract 6610; Cook County; Illinois,54665.0
17031661100,Census Tract 6611; Cook County; Illinois,78587.0
17031670100,Census Tract 6701; Cook County; Illinois,22697.0
17031670200,Census Tract 6702; Cook County; Illinois,56563.0
17031670300,Census Tract 6703; Cook County; Illinois,30000.0
17031670400,Census Tract 6704; Cook County; Illinois,44543.0
17031670500,Census Tract 6705; Cook County; Illinois,35188.0
17031670600,Census Tract 6706; Cook County; Illinois,53472.0
17031670700,Census Tract 6707; Cook County; Illinois,43160.0
17031670800,Census Tract 6708; Cook County; Illinois,55850.0
17031670900,Census Tract 6709; Cook County; Illinois,30962.0
17031671100,Census Tract 6711; Cook County; Illinois,17139.0
17031671200,Census Tract 6712; Cook County; Illinois,39815.0
17031671300,Census Tract 6713; Cook County; Illinois,38980.0
17031671500,Census Tract 6715; Cook County; Illinois,63125.0
17031671600,Census Tract 6716; Cook County; Illinois,45286.0
17031671800,Census Tract 6718; Cook County; Illinois,52535.0
17031671900,Census Tract 6719; Cook County; Illinois,37143.0
17031672000,Census Tract 6720; Cook County; Illinois,43846.0
17031680500,Census Tract 6805; Cook County; Illinois,46250.0
17031680600,Census Tract 6806; Cook County; Illinois,55655.0
17031680900,Census Tract 6809; Cook County; Illinois,22865.0
17031681000,Census Tract 6810; Cook County; Illinois,30556.0
17031681100,Census Tract 6811; Cook County; Illinois,28827.0
17031681200,Census Tract 6812; Cook County; Illinois,25703.0
17031681300,Census Tract 6813; Cook County; Illinois,24113.0
17031681400,Census Tract 6814; Cook County; Illinois,50170.0
17031690300,Census Tract 6903; Cook County; Illinois,33986.0
17031690400,Census Tract 6904; Cook County; Illinois,44878.0
17031690500,Census Tract 6905; Cook County; Illinois,60104.0
17031690900,Census Tract 6909; Cook County; Illinois,34330.0
17031691000,Census Tract 6910; Cook County; Illinois,77612.0
17031691100,Census Tract 6911; Cook County; Illinois,25614.0
17031691200,Census Tract 6912; Cook County; Illinois,30054.0
17031691300,Census Tract 6913; Cook County; Illinois,64940.0
17031691400,Census Tract 6914; Cook County; Illinois,31830.0
17031691500,Census Tract 6915; Cook County; Illinois,22846.0
17031700100,Census Tract 7001; Cook County; Illinois,81091.0
17031700200,Census Tract 7002; Cook County; Illinois,82451.0
17031700301,Census Tract 7003.01; Cook County; Illinois,95654.0
17031700302,Census Tract 7003.02; Cook County; Illinois,91693.0
17031700401,Census Tract 7004.01; Cook County; Illinois,87824.0
17031700402,Census Tract 7004.02; Cook County; Illinois,87232.0
17031700501,Census Tract 7005.01; Cook County; Illinois,66300.0
17031700502,Census Tract 7005.02; Cook County; Illinois,83125.0
17031710100,Census Tract 7101; Cook County; Illinois,30795.0
17031710200,Census Tract 7102; Cook County; Illinois,37587.0
17031710300,Census Tract 7103; Cook County; Illinois,55536.0
17031710400,Census Tract 7104; Cook County; Illinois,46727.0
17031710500,Census Tract 7105; Cook County; Illinois,38456.0
17031710600,Census Tract 7106; Cook County; Illinois,52500.0
17031710700,Census Tract 7107; Cook County; Illinois,35946.0
17031710800,Census Tract 7108; Cook County; Illinois,40191.0
17031710900,Census Tract 7109; Cook County; Illinois,54125.0
17031711000,Census Tract 7110; Cook County; Illinois,51010.0
17031711100,Census Tract 7111; Cook County; Illinois,50139.0
17031711200,Census Tract 7112; Cook County; Illinois,62872.0
17031711300,Census Tract 7113; Cook County; Illinois,67478.0
17031711400,Census Tract 7114; Cook County; Illinois,64615.0
17031711500,Census Tract 7115; Cook County; Illinois,56677.0
17031720100,Census Tract 7201; Cook County; Illinois,149803.0
17031720200,Census Tract 7202; Cook County; Illinois,125600.0
17031720300,Census Tract 7203; Cook County; Illinois,153048.0
17031720400,Census Tract 7204; Cook County; Illinois,124625.0
17031720500,Census Tract 7205; Cook County; Illinois,120789.0
17031720600,Census Tract 7206; Cook County; Illinois,160489.0
17031720700,Census Tract 7207; Cook County; Illinois,87188.0
17031730100,Census Tract 7301; Cook County; Illinois,70000.0
17031730201,Census Tract 7302.01; Cook County; Illinois,39734.0
17031730202,Census Tract 7302.02; Cook County; Illinois,79824.0
17031730300,Census Tract 7303; Cook County; Illinois,63333.0
17031730400,Census Tract 7304; Cook County; Illinois,82642.0
17031730500,Census Tract 7305; Cook County; Illinois,70082.0
17031730600,Census Tract 7306; Cook County; Illinois,72583.0
17031730700,Census Tract 7307; Cook County; Illinois,54167.0
17031740100,Census Tract 7401; Cook County; Illinois,107500.0
17031740200,Census Tract 7402; Cook County; Illinois,129207.0
17031740300,Census Tract 7403; Cook County; Illinois,118717.0
17031740400,Census Tract 7404; Cook County; Illinois,89250.0
17031750100,Census Tract 7501; Cook County; Illinois,54443.0
17031750200,Census Tract 7502; Cook County; Illinois,87273.0
17031750300,Census Tract 7503; Cook County; Illinois,102689.0
17031750400,Census Tract 7504; Cook County; Illinois,113088.0
17031750500,Census Tract 7505; Cook County; Illinois,62500.0
17031750600,Census Tract 7506; Cook County; Illinois,45682.0
17031760801,Census Tract 7608.01; Cook County; Illinois,78618.0
17031760802,Census Tract 7608.02; Cook County; Illinois,92069.0
17031760803,Census Tract 7608.03; Cook County; Illinois,80625.0
17031770201,Census Tract 7702.01; Cook County; Illinois,90726.0
17031770202,Census Tract 7702.02; Cook County; Illinois,90096.0
17031770300,Census Tract 7703; Cook County; Illinois,76782.0
17031770400,Census Tract 7704; Cook County; Illinois,85745.0
17031770500,Census Tract 7705; Cook County; Illinois,75096.0
17031770601,Census Tract 7706.01; Cook County; Illinois,85491.0
17031770602,Census Tract 7706.02; Cook County; Illinois,85089.0
17031770700,Census Tract 7707; Cook County; Illinois,77821.0
17031770800,Census Tract 7708; Cook County; Illinois,88079.0
17031770901,Census Tract 7709.01; Cook County; Illinois,87996.0
17031770902,Census Tract 7709.02; Cook County; Illinois,77656.0
17031800100,Census Tract 8001; Cook County; Illinois,249167.0
17031800200,Census Tract 8002; Cook County; Illinois,248893.0
17031800800,Census Tract 8008; Cook County; Illinois,121111.0
17031800900,Census Tract 8009; Cook County; Illinois,145208.0
17031801000,Census Tract 8010; Cook County; Illinois,163542.0
17031801100,Census Tract 8011; Cook County; Illinois,235511.0
17031801200,Census Tract 8012; Cook County; Illinois,203750.0
17031801300,Census Tract 8013; Cook County; Illinois,190313.0
17031801400,Census Tract 8014; Cook County; Illinois,169318.0
17031801500,Census Tract 8015; Cook County; Illinois,154083.0
17031801601,Census Tract 8016.01; Cook County; Illinois,105313.0
17031801603,Census Tract 8016.03; Cook County; Illinois,79200.0
17031801605,Census Tract 8016.05; Cook County; Illinois,142500.0
17031801606,Census Tract 8016.06; Cook County; Illinois,151776.0
17031801607,Census Tract 8016.07; Cook County; Illinois,155714.0
17031801608,Census Tract 8016.08; Cook County; Illinois,145417.0
17031801701,Census Tract 8017.01; Cook County; Illinois,237695.0
17031801702,Census Tract 8017.02; Cook County; Illinois,177394.0
17031801800,Census Tract 8018; Cook County; Illinois,179485.0
17031801901,Census Tract 8019.01; Cook County; Illinois,99345.0
17031801902,Census Tract 8019.02; Cook County; Illinois,203646.0
17031802002,Census Tract 8020.02; Cook County; Illinois,133152.0
17031802003,Census Tract 8020.03; Cook County; Illinois,175288.0
17031802004,Census Tract 8020.04; Cook County; Illinois,47134.0
17031802100,Census Tract 8021; Cook County; Illinois,180739.0
17031802200,Census Tract 8022; Cook County; Illinois,177813.0
17031802300,Census Tract 8023; Cook County; Illinois,111071.0
17031802402,Census Tract 8024.02; Cook County; Illinois,78942.0
17031802403,Census Tract 8024.03; Cook County; Illinois,87525.0
17031802404,Census Tract 8024.04; Cook County; Illinois,81371.0
17031802503,Census Tract 8025.03; Cook County; Illinois,106076.0
17031802504,Census Tract 8025.04; Cook County; Illinois,100313.0
17031802505,Census Tract 8025.05; Cook County; Illinois,79886.0
17031802506,Census Tract 8025.06; Cook County; Illinois,83056.0
17031802605,Census Tract 8026.05; Cook County; Illinois,119375.0
17031802607,Census Tract 8026.07; Cook County; Illinois,120750.0
17031802608,Census Tract 8026.08; Cook County; Illinois,90778.0
17031802609,Census Tract 8026.09; Cook County; Illinois,68608.0
17031802610,Census Tract 8026.10; Cook County; Illinois,143500.0
17031802701,Census Tract 8027.01; Cook County; Illinois,160658.0
17031802702,Census Tract 8027.02; Cook County; Illinois,94656.0
17031802801,Census Tract 8028.01; Cook County; Illinois,138750.0
17031802802,Census Tract 8028.02; Cook County; Illinois,118068.0
17031802900,Census Tract 8029; Cook County; Illinois,179773.0
17031803005,Census Tract 8030.05; Cook County; Illinois,133083.0
17031803007,Census Tract 8030.07; Cook County; Illinois,91553.0
17031803008,Census Tract 8030.08; Cook County; Illinois,173309.0
17031803010,Census Tract 8030.10; Cook County; Illinois,119125.0
17031803012,Census Tract 8030.12; Cook County; Illinois,85865.0
17031803013,Census Tract 8030.13; Cook County; Illinois,104564.0
17031803014,Census Tract 8030.14; Cook County; Illinois,83030.0
17031803015,Census Tract 8030.15; Cook County; Illinois,108030.0
17031803016,Census Tract 8030.16; Cook County; Illinois,133150.0
17031803017,Census Tract 8030.17; Cook County; Illinois,108724.0
17031803100,Census Tract 8031; Cook County; Illinois,170089.0
17031803200,Census Tract 8032; Cook County; Illinois,100422.0
17031803300,Census Tract 8033; Cook County; Illinois,96587.0
17031803400,Census Tract 8034; Cook County; Illinois,134260.0
17031803500,Census Tract 8035; Cook County; Illinois,131763.0
17031803603,Census Tract 8036.03; Cook County; Illinois,174383.0
17031803604,Census Tract 8036.04; Cook County; Illinois,87422.0
17031803605,Census Tract 8036.05; Cook County; Illinois,111063.0
17031803607,Census Tract 8036.07; Cook County; Illinois,125818.0
17031803608,Census Tract 8036.08; Cook County; Illinois,108394.0
17031803611,Census Tract 8036.11; Cook County; Illinois,63639.0
17031803612,Census Tract 8036.12; Cook County; Illinois,72603.0
17031803613,Census Tract 8036.13; Cook County; Illinois,64055.0
17031803614,Census Tract 8036.14; Cook County; Illinois,63448.0
17031803615,Census Tract 8036.15; Cook County; Illinois,107941.0
17031803616,Census Tract 8036.16; Cook County; Illinois,90347.0
17031803701,Census Tract 8037.01; Cook County; Illinois,85433.0
17031803702,Census Tract 8037.02; Cook County; Illinois,116569.0
17031803800,Census Tract 8038; Cook County; Illinois,133380.0
17031803901,Census Tract 8039.01; Cook County; Illinois,66466.0
17031803902,Census Tract 8039.02; Cook County; Illinois,113023.0
17031804000,Census Tract 8040; Cook County; Illinois,87196.0
17031804102,Census Tract 8041.02; Cook County; Illinois,165680.0
17031804104,Census Tract 8041.04; Cook County; Illinois,152013.0
17031804105,Census Tract 8041.05; Cook County; Illinois,153981.0
17031804106,Census Tract 8041.06; Cook County; Illinois,150132.0
17031804108,Census Tract 8041.08; Cook County; Illinois,88773.0
17031804109,Census Tract 8041.09; Cook County; Illinois,146382.0
17031804202,Census Tract 8042.02; Cook County; Illinois,183859.0
17031804203,Census Tract 8042.03; Cook County; Illinois,246477.0
17031804204,Census Tract 8042.04; Cook County; Illinois,157750.0
17031804305,Census Tract 8043.05; Cook County; Illinois,79464.0
17031804306,Census Tract 8043.06; Cook County; Illinois,105236.0
17031804308,Census Tract 8043.08; Cook County; Illinois,84244.0
17031804309,Census Tract 8043.09; Cook County; Illinois,91595.0
17031804312,Census Tract 8043.12; Cook County; Illinois,183000.0
17031804313,Census Tract 8043.13; Cook County; Illinois,130869.0
17031804314,Census Tract 8043.14; Cook County; Illinois,101635.0
17031804315,Census Tract 8043.15; Cook County; Illinois,101806.0
17031804316,Census Tract 8043.16; Cook County; Illinois,116835.0
17031804403,Census Tract 8044.03; Cook County; Illinois,87445.0
17031804404,Census Tract 8044.04; Cook County; Illinois,86546.0
17031804405,Census Tract 8044.05; Cook County; Illinois,76906.0
17031804406,Census Tract 8044.06; Cook County; Illinois,75305.0
17031804505,Census Tract 8045.05; Cook County; Illinois,94669.0
17031804506,Census Tract 8045.06; Cook County; Illinois,128170.0
17031804508,Census Tract 8045.08; Cook County; Illinois,53929.0
17031804509,Census Tract 8045.09; Cook County; Illinois,86881.0
17031804510,Census Tract 8045.10; Cook County; Illinois,75515.0
17031804511,Census Tract 8045.11; Cook County; Illinois,86964.0
17031804512,Census Tract 8045.12; Cook County; Illinois,156106.0
17031804513,Census Tract 8045.13; Cook County; Illinois,123385.0
17031804514,Census Tract 8045.14; Cook County; Illinois,115995.0
17031804603,Census Tract 8046.03; Cook County; Illinois,102414.0
17031804606,Census Tract 8046.06; Cook County; Illinois,128958.0
17031804607,Census Tract 8046.07; Cook County; Illinois,118025.0
17031804608,Census Tract 8046.08; Cook County; Illinois,118281.0
17031804609,Census Tract 8046.09; Cook County; Illinois,110392.0
17031804610,Census Tract 8046.10; Cook County; Illinois,71750.0
17031804611,Census Tract 8046.11; Cook County; Illinois,79202.0
17031804701,Census Tract 8047.01; Cook County; Illinois,72232.0
17031804705,Census Tract 8047.05; Cook County; Illinois,80702.0
17031804706,Census Tract 8047.06; Cook County; Illinois,125956.0
17031804709,Census Tract 8047.09; Cook County; Illinois,100710.0
17031804710,Census Tract 8047.10; Cook County; Illinois,109375.0
17031804711,Census Tract 8047.11; Cook County; Illinois,85376.0
17031804712,Census Tract 8047.12; Cook County; Illinois,103750.0
17031804713,Census Tract 8047.13; Cook County; Illinois,75625.0
17031804714,Census Tract 8047.14; Cook County; Illinois,102210.0
17031804715,Census Tract 8047.15; Cook County; Illinois,73864.0
17031804716,Census Tract 8047.16; Cook County; Illinois,106713.0
17031804803,Census Tract 8048.03; Cook County; Illinois,104844.0
17031804804,Census Tract 8048.04; Cook County; Illinois,83083.0
17031804805,Census Tract 8048.05; Cook County; Illinois,112460.0
17031804806,Census Tract 8048.06; Cook County; Illinois,93533.0
17031804807,Census Tract 8048.07; Cook County; Illinois,107517.0
17031804808,Census Tract 8048.08; Cook County; Illinois,147500.0
17031804809,Census Tract 8048.09; Cook County; Illinois,118194.0
17031804810,Census Tract 8048.10; Cook County; Illinois,97788.0
17031804901,Census Tract 8049.01; Cook County; Illinois,115909.0
17031804902,Census Tract 8049.02; Cook County; Illinois,131714.0
17031805001,Census Tract 8050.01; Cook County; Illinois,142609.0
17031805002,Census Tract 8050.02; Cook County; Illinois,75246.0
17031805105,Census Tract 8051.05; Cook County; Illinois,84474.0
17031805106,Census Tract 8051.06; Cook County; Illinois,89009.0
17031805107,Census Tract 8051.07; Cook County; Illinois,76313.0
17031805108,Census Tract 8051.08; Cook County; Illinois,79481.0
17031805109,Census Tract 8051.09; Cook County; Illinois,101585.0
17031805110,Census Tract 8051.10; Cook County; Illinois,107253.0
17031805111,Census Tract 8051.11; Cook County; Illinois,55449.0
17031805112,Census Tract 8051.12; Cook County; Illinois,104188.0
17031805201,Census Tract 8052.01; Cook County; Illinois,125321.0
17031805202,Census Tract 8052.02; Cook County; Illinois,101953.0
17031805301,Census Tract 8053.01; Cook County; Illinois,137614.0
17031805302,Census Tract 8053.02; Cook County; Illinois,112352.0
17031805401,Census Tract 8054.01; Cook County; Illinois,133616.0
17031805402,Census Tract 8054.02; Cook County; Illinois,99184.0
17031805501,Census Tract 8055.01; Cook County; Illinois,115733.0
17031805502,Census Tract 8055.02; Cook County; Illinois,162358.0
17031805600,Census Tract 8056; Cook County; Illinois,190714.0
17031805701,Census Tract 8057.01; Cook County; Illinois,215891.0
17031805702,Census Tract 8057.02; Cook County; Illinois,135417.0
17031805801,Census Tract 8058.01; Cook County; Illinois,115341.0
17031805802,Census Tract 8058.02; Cook County; Illinois,119592.0
17031805901,Census Tract 8059.01; Cook County; Illinois,93167.0
17031805902,Census Tract 8059.02; Cook County; Illinois,139531.0
17031806001,Census Tract 8060.01; Cook County; Illinois,66165.0
17031806002,Census Tract 8060.02; Cook County; Illinois,64450.0
17031806004,Census Tract 8060.04; Cook County; Illinois,64681.0
17031806006,Census Tract 8060.06; Cook County; Illinois,61658.0
17031806102,Census Tract 8061.02; Cook County; Illinois,103212.0
17031806103,Census Tract 8061.03; Cook County; Illinois,111450.0
17031806104,Census Tract 8061.04; Cook County; Illinois,49435.0
17031806201,Census Tract 8062.01; Cook County; Illinois,70343.0
17031806202,Census Tract 8062.02; Cook County; Illinois,77544.0
17031806300,Census Tract 8063; Cook County; Illinois,96415.0
17031806400,Census Tract 8064; Cook County; Illinois,126250.0
17031806501,Census Tract 8065.01; Cook County; Illinois,89881.0
17031806502,Census Tract 8065.02; Cook County; Illinois,87449.0
17031806600,Census Tract 8066; Cook County; Illinois,122801.0
17031806700,Census Tract 8067; Cook County; Illinois,124803.0
17031806801,Census Tract 8068.01; Cook County; Illinois,78280.0
17031806802,Census Tract 8068.02; Cook County; Illinois,121202.0
17031806900,Census Tract 8069; Cook County; Illinois,79674.0
17031807000,Census Tract 8070; Cook County; Illinois,49007.0
17031807100,Census Tract 8071; Cook County; Illinois,166853.0
17031807200,Census Tract 8072; Cook County; Illinois,130783.0
17031807300,Census Tract 8073; Cook County; Illinois,85777.0
17031807400,Census Tract 8074; Cook County; Illinois,88558.0
17031807500,Census Tract 8075; Cook County; Illinois,151490.0
17031807600,Census Tract 8076; Cook County; Illinois,116004.0
17031807700,Census Tract 8077; Cook County; Illinois,60671.0
17031807800,Census Tract 8078; Cook County; Illinois,147679.0
17031807900,Census Tract 8079; Cook County; Illinois,109866.0
17031808001,Census Tract 8080.01; Cook County; Illinois,109250.0
17031808002,Census Tract 8080.02; Cook County; Illinois,109519.0
17031808100,Census Tract 8081; Cook County; Illinois,48253.0
17031808200,Census Tract 8082; Cook County; Illinois,83885.0
17031808301,Census Tract 8083.01; Cook County; Illinois,85556.0
17031808302,Census Tract 8083.02; Cook County; Illinois,78502.0
17031808400,Census Tract 8084; Cook County; Illinois,120761.0
17031808500,Census Tract 8085; Cook County; Illinois,150406.0
17031808600,Census Tract 8086; Cook County; Illinois,164063.0
17031808702,Census Tract 8087.02; Cook County; Illinois,62355.0
17031808800,Census Tract 8088; Cook County; Illinois,169625.0
17031808900,Census Tract 8089; Cook County; Illinois,193864.0
17031809000,Census Tract 8090; Cook County; Illinois,194375.0
17031809100,Census Tract 8091; Cook County; Illinois,114211.0
17031809200,Census Tract 8092; Cook County; Illinois,53579.0
17031809300,Census Tract 8093; Cook County; Illinois,46458.0
17031809401,Census Tract 8094.01; Cook County; Illinois,97838.0
17031809402,Census Tract 8094.02; Cook County; Illinois,45208.0
17031809500,Census Tract 8095; Cook County; Illinois,70074.0
17031809600,Census Tract 8096; Cook County; Illinois,80461.0
17031809700,Census Tract 8097; Cook County; Illinois,140714.0
17031809800,Census Tract 8098; Cook County; Illinois,80995.0
17031809900,Census Tract 8099; Cook County; Illinois,115151.0
17031810000,Census Tract 8100; Cook County; Illinois,111237.0
17031810100,Census Tract 8101; Cook County; Illinois,94337.0
17031810200,Census Tract 8102; Cook County; Illinois,78897.0
17031810301,Census Tract 8103.01; Cook County; Illinois,96960.0
17031810302,Census Tract 8103.02; Cook County; Illinois,133906.0
17031810400,Census Tract 8104; Cook County; Illinois,160500.0
17031810501,Census Tract 8105.01; Cook County; Illinois,90903.0
17031810502,Census Tract 8105.02; Cook County; Illinois,78750.0
17031810600,Census Tract 8106; Cook County; Illinois,83798.0
17031810701,Census Tract 8107.01; Cook County; Illinois,64410.0
17031810702,Census Tract 8107.02; Cook County; Illinois,93789.0
17031810800,Census Tract 8108; Cook County; Illinois,98000.0
17031810900,Census Tract 8109; Cook County; Illinois,59719.0
17031811000,Census Tract 8110; Cook County; Illinois,109844.0
17031811100,Census Tract 8111; Cook County; Illinois,67254.0
17031811200,Census Tract 8112; Cook County; Illinois,73503.0
17031811301,Census Tract 8113.01; Cook County; Illinois,70866.0
17031811302,Census Tract 8113.02; Cook County; Illinois,62753.0
17031811401,Census Tract 8114.01; Cook County; Illinois,84261.0
17031811402,Census Tract 8114.02; Cook County; Illinois,87250.0
17031811500,Census Tract 8115; Cook County; Illinois,81067.0
17031811600,Census Tract 8116; Cook County; Illinois,64617.0
17031811701,Census Tract 8117.01; Cook County; Illinois,75361.0
17031811702,Census Tract 8117.02; Cook County; Illinois,76912.0
17031811800,Census Tract 8118; Cook County; Illinois,100577.0
17031811900,Census Tract 8119; Cook County; Illinois,179808.0
17031812000,Census Tract 8120; Cook County; Illinois,122227.0
17031812100,Census Tract 8121; Cook County; Illinois,141111.0
17031812200,Census Tract 8122; Cook County; Illinois,214667.0
17031812301,Census Tract 8123.01; Cook County; Illinois,89669.0
17031812302,Census Tract 8123.02; Cook County; Illinois,158864.0
17031812400,Census Tract 8124; Cook County; Illinois,238472.0
17031812500,Census Tract 8125; Cook County; Illinois,66757.0
17031812600,Census Tract 8126; Cook County; Illinois,77083.0
17031812700,Census Tract 8127; Cook County; Illinois,97902.0
17031812801,Census Tract 8128.01; Cook County; Illinois,75735.0
17031812802,Census Tract 8128.02; Cook County; Illinois,101106.0
17031812900,Census Tract 8129; Cook County; Illinois,141750.0
17031813000,Census Tract 8130; Cook County; Illinois,170286.0
17031813100,Census Tract 8131; Cook County; Illinois,116250.0
17031813200,Census Tract 8132; Cook County; Illinois,140346.0
17031813301,Census Tract 8133.01; Cook County; Illinois,52422.0
17031813302,Census Tract 8133.02; Cook County; Illinois,61250.0
17031813400,Census Tract 8134; Cook County; Illinois,83099.0
17031813500,Census Tract 8135; Cook County; Illinois,78890.0
17031813600,Census Tract 8136; Cook County; Illinois,56846.0
17031813701,Census Tract 8137.01; Cook County; Illinois,55250.0
17031813702,Census Tract 8137.02; Cook County; Illinois,78750.0
17031813801,Census Tract 8138.01; Cook County; Illinois,52218.0
17031813802,Census Tract 8138.02; Cook County; Illinois,76250.0
17031813900,Census Tract 8139; Cook County; Illinois,79180.0
17031814000,Census Tract 8140; Cook County; Illinois,62566.0
17031814100,Census Tract 8141; Cook County; Illinois,61867.0
17031814200,Census Tract 8142; Cook County; Illinois,74178.0
17031814300,Census Tract 8143; Cook County; Illinois,53991.0
17031814400,Census Tract 8144; Cook County; Illinois,74173.0
17031814500,Census Tract 8145; Cook County; Illinois,92344.0
17031814600,Census Tract 8146; Cook County; Illinois,102987.0
17031814700,Census Tract 8147; Cook County; Illinois,79576.0
17031814800,Census Tract 8148; Cook County; Illinois,66724.0
17031814900,Census Tract 8149; Cook County; Illinois,62336.0
17031815000,Census Tract 8150; Cook County; Illinois,82648.0
17031815100,Census Tract 8151; Cook County; Illinois,86262.0
17031815200,Census Tract 8152; Cook County; Illinois,69775.0
17031815300,Census Tract 8153; Cook County; Illinois,102361.0
17031815400,Census Tract 8154; Cook County; Illinois,62592.0
17031815500,Census Tract 8155; Cook County; Illinois,88244.0
17031815600,Census Tract 8156; Cook County; Illinois,76667.0
17031815701,Census Tract 8157.01; Cook County; Illinois,186667.0
17031815702,Census Tract 8157.02; Cook County; Illinois,147694.0
17031815800,Census Tract 8158; Cook County; Illinois,113958.0
17031815900,Census Tract 8159; Cook County; Illinois,76875.0
17031816000,Census Tract 8160; Cook County; Illinois,90644.0
17031816100,Census Tract 8161; Cook County; Illinois,70225.0
17031816200,Census Tract 8162; Cook County; Illinois,75735.0
17031816300,Census Tract 8163; Cook County; Illinois,66331.0
17031816401,Census Tract 8164.01; Cook County; Illinois,92537.0
17031816402,Census Tract 8164.02; Cook County; Illinois,59792.0
17031816500,Census Tract 8165; Cook County; Illinois,63328.0
17031816600,Census Tract 8166; Cook County; Illinois,66120.0
17031816700,Census Tract 8167; Cook County; Illinois,68177.0
17031816800,Census Tract 8168; Cook County; Illinois,85521.0
17031816900,Census Tract 8169; Cook County; Illinois,103816.0
17031817000,Census Tract 8170; Cook County; Illinois,78549.0
17031817101,Census Tract 8171.01; Cook County; Illinois,71134.0
17031817102,Census Tract 8171.02; Cook County; Illinois,71621.0
17031817200,Census Tract 8172; Cook County; Illinois,63067.0
17031817300,Census Tract 8173; Cook County; Illinois,66875.0
17031817400,Census Tract 8174; Cook County; Illinois,99018.0
17031817500,Census Tract 8175; Cook County; Illinois,49985.0
17031817600,Census Tract 8176; Cook County; Illinois,52317.0
17031817700,Census Tract 8177; Cook County; Illinois,87970.0
17031817900,Census Tract 8179; Cook County; Illinois,61250.0
17031818000,Census Tract 8180; Cook County; Illinois,65641.0
17031818100,Census Tract 8181; Cook County; Illinois,112292.0
17031818200,Census Tract 8182; Cook County; Illinois,110625.0
17031818300,Census Tract 8183; Cook County; Illinois,73929.0
17031818401,Census Tract 8184.01; Cook County; Illinois,86827.0
17031818402,Census Tract 8184.02; Cook County; Illinois,72112.0
17031818500,Census Tract 8185; Cook County; Illinois,86598.0
17031818600,Census Tract 8186; Cook County; Illinois,102448.0
17031818700,Census Tract 8187; Cook County; Illinois,125120.0
17031818800,Census Tract 8188; Cook County; Illinois,114614.0
17031818900,Census Tract 8189; Cook County; Illinois,103389.0
17031819000,Census Tract 8190; Cook County; Illinois,185217.0
17031819100,Census Tract 8191; Cook County; Illinois,47216.0
17031819200,Census Tract 8192; Cook County; Illinois,95500.0
17031819300,Census Tract 8193; Cook County; Illinois,106917.0
17031819400,Census Tract 8194; Cook County; Illinois,77028.0
17031819500,Census Tract 8195; Cook County; Illinois,93224.0
17031819600,Census Tract 8196; Cook County; Illinois,213750.0
17031819700,Census Tract 8197; Cook County; Illinois,227901.0
17031819801,Census Tract 8198.01; Cook County; Illinois,232716.0
17031819802,Census Tract 8198.02; Cook County; Illinois,206125.0
17031819900,Census Tract 8199; Cook County; Illinois,240625.0
17031820101,Census Tract 8201.01; Cook County; Illinois,124334.0
17031820103,Census Tract 8201.03; Cook County; Illinois,92539.0
17031820104,Census Tract 8201.04; Cook County; Illinois,84615.0
17031820202,Census Tract 8202.02; Cook County; Illinois,78182.0
17031820203,Census Tract 8202.03; Cook County; Illinois,129000.0
17031820204,Census Tract 8202.04; Cook County; Illinois,101838.0
17031820300,Census Tract 8203; Cook County; Illinois,73494.0
17031820400,Census Tract 8204; Cook County; Illinois,53580.0
17031820501,Census Tract 8205.01; Cook County; Illinois,74614.0
17031820502,Census Tract 8205.02; Cook County; Illinois,62301.0
17031820603,Census Tract 8206.03; Cook County; Illinois,64630.0
17031820604,Census Tract 8206.04; Cook County; Illinois,51224.0
17031820605,Census Tract 8206.05; Cook County; Illinois,63137.0
17031820606,Census Tract 8206.06; Cook County; Illinois,100694.0
17031820700,Census Tract 8207; Cook County; Illinois,66942.0
17031820800,Census Tract 8208; Cook County; Illinois,87025.0
17031820901,Census Tract 8209.01; Cook County; Illinois,74233.0
17031820902,Census Tract 8209.02; Cook County; Illinois,86065.0
17031821001,Census Tract 8210.01; Cook County; Illinois,51685.0
17031821002,Census Tract 8210.02; Cook County; Illinois,73271.0
17031821101,Census Tract 8211.01; Cook County; Illinois,103409.0
17031821102,Census Tract 8211.02; Cook County; Illinois,100000.0
17031821200,Census Tract 8212; Cook County; Illinois,39594.0
17031821300,Census Tract 8213; Cook County; Illinois,50063.0
17031821401,Census Tract 8214.01; Cook County; Illinois,50946.0
17031821402,Census Tract 8214.02; Cook County; Illinois,71058.0
17031821500,Census Tract 8215; Cook County; Illinois,35361.0
17031821600,Census Tract 8216; Cook County; Illinois,82955.0
17031821700,Census Tract 8217; Cook County; Illinois,113088.0
17031821800,Census Tract 8218; Cook County; Illinois,91815.0
17031821900,Census Tract 8219; Cook County; Illinois,103192.0
17031822000,Census Tract 8220; Cook County; Illinois,61101.0
17031822101,Census Tract 8221.01; Cook County; Illinois,88906.0
17031822102,Census Tract 8221.02; Cook County; Illinois,69261.0
17031822200,Census Tract 8222; Cook County; Illinois,88000.0
17031822301,Census Tract 8223.01; Cook County; Illinois,108750.0
17031822302,Census Tract 8223.02; Cook County; Illinois,96683.0
17031822400,Census Tract 8224; Cook County; Illinois,60086.0
17031822500,Census Tract 8225; Cook County; Illinois,100417.0
17031822601,Census Tract 8226.01; Cook County; Illinois,96471.0
17031822602,Census Tract 8226.02; Cook County; Illinois,71677.0
17031822701,Census Tract 8227.01; Cook County; Illinois,69819.0
17031822702,Census Tract 8227.02; Cook County; Illinois,74801.0
17031822801,Census Tract 8228.01; Cook County; Illinois,89531.0
17031822802,Census Tract 8228.02; Cook County; Illinois,111172.0
17031822900,Census Tract 8229; Cook County; Illinois,73750.0
17031823001,Census Tract 8230.01; Cook County; Illinois,64963.0
17031823002,Census Tract 8230.02; Cook County; Illinois,95852.0
17031823101,Census Tract 8231.01; Cook County; Illinois,56274.0
17031823102,Census Tract 8231.02; Cook County; Illinois,60938.0
17031823200,Census Tract 8232; Cook County; Illinois,95585.0
17031823302,Census Tract 8233.02; Cook County; Illinois,56284.0
17031823303,Census Tract 8233.03; Cook County; Illinois,70732.0
17031823304,Census Tract 8233.04; Cook County; Illinois,51662.0
17031823400,Census Tract 8234; Cook County; Illinois,62515.0
17031823500,Census Tract 8235; Cook County; Illinois,72945.0
17031823602,Census Tract 8236.02; Cook County; Illinois,85351.0
17031823603,Census Tract 8236.03; Cook County; Illinois,54677.0
17031823604,Census Tract 8236.04; Cook County; Illinois,125263.0
17031823605,Census Tract 8236.05; Cook County; Illinois,102283.0
17031823702,Census Tract 8237.02; Cook County; Illinois,69904.0
17031823703,Census Tract 8237.03; Cook County; Illinois,63005.0
17031823704,Census Tract 8237.04; Cook County; Illinois,99583.0
17031823705,Census Tract 8237.05; Cook County; Illinois,83621.0
17031823801,Census Tract 8238.01; Cook County; Illinois,111221.0
17031823803,Census Tract 8238.03; Cook County; Illinois,93203.0
17031823805,Census Tract 8238.05; Cook County; Illinois,62647.0
17031823806,Census Tract 8238.06; Cook County; Illinois,65431.0
17031823901,Census Tract 8239.01; Cook County; Illinois,113558.0
17031823903,Census Tract 8239.03; Cook County; Illinois,141761.0
17031823904,Census Tract 8239.04; Cook County; Illinois,108151.0
17031824003,Census Tract 8240.03; Cook County; Illinois,108553.0
17031824004,Census Tract 8240.04; Cook County; Illinois,99911.0
17031824005,Census Tract 8240.05; Cook County; Illinois,150222.0
17031824006,Census Tract 8240.06; Cook County; Illinois,157158.0
17031824105,Census Tract 8241.05; Cook County; Illinois,105177.0
17031824106,Census Tract 8241.06; Cook County; Illinois,89107.0
17031824107,Census Tract 8241.07; Cook County; Illinois,100273.0
17031824113,Census Tract 8241.13; Cook County; Illinois,131023.0
17031824114,Census Tract 8241.14; Cook County; Illinois,140000.0
17031824115,Census Tract 8241.15; Cook County; Illinois,68179.0
17031824116,Census Tract 8241.16; Cook County; Illinois,79613.0
17031824119,Census Tract 8241.19; Cook County; Illinois,110338.0
17031824121,Census Tract 8241.21; Cook County; Illinois,89792.0
17031824122,Census Tract 8241.22; Cook County; Illinois,150388.0
17031824123,Census Tract 8241.23; Cook County; Illinois,101714.0
17031824124,Census Tract 8241.24; Cook County; Illinois,92098.0
17031824125,Census Tract 8241.25; Cook County; Illinois,121991.0
17031824126,Census Tract 8241.26; Cook County; Illinois,166333.0
17031824127,Census Tract 8241.27; Cook County; Illinois,100313.0
17031824128,Census Tract 8241.28; Cook County; Illinois,99744.0
17031824129,Census Tract 8241.29; Cook County; Illinois,115625.0
17031824300,Census Tract 8243; Cook County; Illinois,49632.0
17031824400,Census Tract 8244; Cook County; Illinois,46336.0
17031824503,Census Tract 8245.03; Cook County; Illinois,95761.0
17031824505,Census Tract 8245.05; Cook County; Illinois,75876.0
17031824507,Census Tract 8245.07; Cook County; Illinois,90417.0
17031824508,Census Tract 8245.08; Cook County; Illinois,75833.0
17031824509,Census Tract 8245.09; Cook County; Illinois,122100.0
17031824601,Census Tract 8246.01; Cook County; Illinois,84519.0
17031824602,Census Tract 8246.02; Cook County; Illinois,82366.0
17031824701,Census Tract 8247.01; Cook County; Illinois,56726.0
17031824702,Census Tract 8247.02; Cook County; Illinois,67316.0
17031824800,Census Tract 8248; Cook County; Illinois,73125.0
17031824900,Census Tract 8249; Cook County; Illinois,87393.0
17031825000,Census Tract 8250; Cook County; Illinois,86067.0
17031825200,Census Tract 8252; Cook County; Illinois,74946.0
17031825302,Census Tract 8253.02; Cook County; Illinois,123750.0
17031825303,Census Tract 8253.03; Cook County; Illinois,82596.0
17031825304,Census Tract 8253.04; Cook County; Illinois,101089.0
17031825400,Census Tract 8254; Cook County; Illinois,88346.0
17031825501,Census Tract 8255.01; Cook County; Illinois,62300.0
17031825503,Census Tract 8255.03; Cook County; Illinois,82031.0
17031825504,Census Tract 8255.04; Cook County; Illinois,77679.0
17031825505,Census Tract 8255.05; Cook County; Illinois,90357.0
17031825600,Census Tract 8256; Cook County; Illinois,58919.0
17031825700,Census Tract 8257; Cook County; Illinois,57790.0
17031825801,Census Tract 8258.01; Cook County; Illinois,36981.0
17031825802,Census Tract 8258.02; Cook County; Illinois,70696.0
17031825803,Census Tract 8258.03; Cook County; Illinois,66051.0
17031825900,Census Tract 8259; Cook County; Illinois,46705.0
17031826000,Census Tract 8260; Cook County; Illinois,77825.0
17031826100,Census Tract 8261; Cook County; Illinois,51316.0
17031826201,Census Tract 8262.01; Cook County; Illinois,44409.0
17031826202,Census Tract 8262.02; Cook County; Illinois,68878.0
17031826301,Census Tract 8263.01; Cook County; Illinois,70274.0
17031826303,Census Tract 8263.03; Cook County; Illinois,85357.0
17031826304,Census Tract 8263.04; Cook County; Illinois,44750.0
17031826401,Census Tract 8264.01; Cook County; Illinois,49580.0
17031826402,Census Tract 8264.02; Cook County; Illinois,56591.0
17031826500,Census Tract 8265; Cook County; Illinois,58524.0
17031826600,Census Tract 8266; Cook County; Illinois,43675.0
17031826700,Census Tract 8267; Cook County; Illinois,39726.0
17031826800,Census Tract 8268; Cook County; Illinois,61062.0
17031826901,Census Tract 8269.01; Cook County; Illinois,24665.0
17031826902,Census Tract 8269.02; Cook County; Illinois,35711.0
17031827000,Census Tract 8270; Cook County; Illinois,53750.0
17031827100,Census Tract 8271; Cook County; Illinois,25404.0
17031827200,Census Tract 8272; Cook County; Illinois,56964.0
17031827300,Census Tract 8273; Cook County; Illinois,29966.0
17031827400,Census Tract 8274; Cook County; Illinois,32485.0
17031827500,Census Tract 8275; Cook County; Illinois,73043.0
17031827600,Census Tract 8276; Cook County; Illinois,50038.0
17031827700,Census Tract 8277; Cook County; Illinois,56038.0
17031827801,Census Tract 8278.01; Cook County; Illinois,82489.0
17031827802,Census Tract 8278.02; Cook County; Illinois,86042.0
17031827804,Census Tract 8278.04; Cook County; Illinois,80458.0
17031827805,Census Tract 8278.05; Cook County; Illinois,97500.0
17031827901,Census Tract 8279.01; Cook County; Illinois,96696.0
17031827902,Census Tract 8279.02; Cook County; Illinois,64507.0
17031828000,Census Tract 8280; Cook County; Illinois,70673.0
17031828100,Census Tract 8281; Cook County; Illinois,76034.0
17031828201,Census Tract 8282.01; Cook County; Illinois,67813.0
17031828202,Census Tract 8282.02; Cook County; Illinois,57353.0
17031828300,Census Tract 8283; Cook County; Illinois,53400.0
17031828401,Census Tract 8284.01; Cook County; Illinois,70054.0
17031828402,Census Tract 8284.02; Cook County; Illinois,59534.0
17031828503,Census Tract 8285.03; Cook County; Illinois,62153.0
17031828504,Census Tract 8285.04; Cook County; Illinois,71154.0
17031828505,Census Tract 8285.05; Cook County; Illinois,105748.0
17031828507,Census Tract 8285.07; Cook County; Illinois,87104.0
17031828508,Census Tract 8285.08; Cook County; Illinois,63107.0
17031828601,Census Tract 8286.01; Cook County; Illinois,104002.0
17031828602,Census Tract 8286.02; Cook County; Illinois,107154.0
17031828701,Census Tract 8287.01; Cook County; Illinois,63686.0
17031828702,Census Tract 8287.02; Cook County; Illinois,90263.0
17031828801,Census Tract 8288.01; Cook County; Illinois,111042.0
17031828802,Census Tract 8288.02; Cook County; Illinois,70565.0
17031828900,Census Tract 8289; Cook County; Illinois,46979.0
17031829100,Census Tract 8291; Cook County; Illinois,33958.0
17031829200,Census Tract 8292; Cook County; Illinois,54787.0
17031829301,Census Tract 8293.01; Cook County; Illinois,98777.0
17031829302,Census Tract 8293.02; Cook County; Illinois,51363.0
17031829401,Census Tract 8294.01; Cook County; Illinois,57386.0
17031829402,Census Tract 8294.02; Cook County; Illinois,57560.0
17031829500,Census Tract 8295; Cook County; Illinois,58691.0
17031829600,Census Tract 8296; Cook County; Illinois,68472.0
17031829700,Census Tract 8297; Cook County; Illinois,60680.0
17031829800,Census Tract 8298; Cook County; Illinois,135365.0
17031829902,Census Tract 8299.02; Cook County; Illinois,101875.0
17031829903,Census Tract 8299.03; Cook County; Illinois,72750.0
17031829904,Census Tract 8299.04; Cook County; Illinois,80673.0
17031830001,Census Tract 8300.01; Cook County; Illinois,46071.0
17031830003,Census Tract 8300.03; Cook County; Illinois,112361.0
17031830004,Census Tract 8300.04; Cook County; Illinois,111906.0
17031830005,Census Tract 8300.05; Cook County; Illinois,105731.0
17031830006,Census Tract 8300.06; Cook County; Illinois,67417.0
17031830007,Census Tract 8300.07; Cook County; Illinois,56042.0
17031830008,Census Tract 8300.08; Cook County; Illinois,116362.0
17031830100,Census Tract 8301; Cook County; Illinois,103527.0
17031830201,Census Tract 8302.01; Cook County; Illinois,53671.0
17031830202,Census Tract 8302.02; Cook County; Illinois,91886.0
17031830300,Census Tract 8303; Cook County; Illinois,42500.0
17031830400,Census Tract 8304; Cook County; Illinois,65878.0
17031830500,Census Tract 8305; Cook County; Illinois,78347.0
17031830600,Census Tract 8306; Cook County; Illinois,65599.0
17031830700,Census Tract 8307; Cook County; Illinois,72050.0
17031830800,Census Tract 8308; Cook County; Illinois,76768.0
17031830900,Census Tract 8309; Cook County; Illinois,150288.0
17031831000,Census Tract 8310; Cook County; Illinois,209904.0
17031831100,Census Tract 8311; Cook County; Illinois,104399.0
17031831200,Census Tract 8312; Cook County; Illinois,63628.0
17031831300,Census Tract 8313; Cook County; Illinois,50134.0
17031831500,Census Tract 8315; Cook County; Illinois,87727.0
17031831600,Census Tract 8316; Cook County; Illinois,61781.0
17031831700,Census Tract 8317; Cook County; Illinois,58875.0
17031831800,Census Tract 8318; Cook County; Illinois,87470.0
17031831900,Census Tract 8319; Cook County; Illinois,132877.0
17031832000,Census Tract 8320; Cook County; Illinois,155000.0
17031832100,Census Tract 8321; Cook County; Illinois,96083.0
17031832200,Census Tract 8322; Cook County; Illinois,151894.0
17031832300,Census Tract 8323; Cook County; Illinois,110855.0
17031832400,Census Tract 8324; Cook County; Illinois,137883.0
17031832500,Census Tract 8325; Cook County; Illinois,153839.0
17031832600,Census Tract 8326; Cook County; Illinois,220875.0
17031832900,Census Tract 8329; Cook County; Illinois,83149.0
17031833000,Census Tract 8330; Cook County; Illinois,192016.0
17031833100,Census Tract 8331; Cook County; Illinois,164825.0
17031833300,Census Tract 8333; Cook County; Illinois,91500.0
17031833900,Census Tract 8339; Cook County; Illinois,35583.0
17031834000,Census Tract 8340; Cook County; Illinois,29728.0
17031834200,Census Tract 8342; Cook County; Illinois,60966.0
17031834300,Census Tract 8343; Cook County; Illinois,68527.0
17031834400,Census Tract 8344; Cook County; Illinois,37279.0
17031834600,Census Tract 8346; Cook County; Illinois,26587.0
17031834700,Census Tract 8347; Cook County; Illinois,40952.0
17031834800,Census Tract 8348; Cook County; Illinois,24207.0
17031834900,Census Tract 8349; Cook County; Illinois,16250.0
17031835000,Census Tract 8350; Cook County; Illinois,56279.0
17031835100,Census Tract 8351; Cook County; Illinois,59174.0
17031835200,Census Tract 8352; Cook County; Illinois,72931.0
17031835500,Census Tract 8355; Cook County; Illinois,22639.0
17031835600,Census Tract 8356; Cook County; Illinois,14184.0
17031835800,Census Tract 8358; Cook County; Illinois,65536.0
17031836000,Census Tract 8360; Cook County; Illinois,88000.0
17031836100,Census Tract 8361; Cook County; Illinois,24141.0
17031836200,Census Tract 8362; Cook County; Illinois,158889.0
17031836300,Census Tract 8363; Cook County; Illinois,52917.0
17031836400,Census Tract 8364; Cook County; Illinois,25867.0
17031836500,Census Tract 8365; Cook County; Illinois,53750.0
17031836600,Census Tract 8366; Cook County; Illinois,76250.0
17031836700,Census Tract 8367; Cook County; Illinois,78081.0
17031836800,Census Tract 8368; Cook County; Illinois,30914.0
17031837000,Census Tract 8370; Cook County; Illinois,36607.0
17031837100,Census Tract 8371; Cook County; Illinois,49667.0
17031837300,Census Tract 8373; Cook County; Illinois,27431.0
17031837400,Census Tract 8374; Cook County; Illinois,41279.0
17031837800,Census Tract 8378; Cook County; Illinois,33159.0
17031838100,Census Tract 8381; Cook County; Illinois,49458.0
17031838200,Census Tract 8382; Cook County; Illinois,83911.0
17031838300,Census Tract 8383; Cook County; Illinois,114020.0
17031838600,Census Tract 8386; Cook County; Illinois,20725.0
17031838700,Census Tract 8387; Cook County; Illinois,34742.0
17031838800,Census Tract 8388; Cook County; Illinois,21576.0
17031839000,Census Tract 8390; Cook County; Illinois,106650.0
17031839100,Census Tract 8391; Cook County; Illinois,132361.0
17031839200,Census Tract 8392; Cook County; Illinois,39924.0
17031839500,Census Tract 8395; Cook County; Illinois,49769.0
17031839600,Census Tract 8396; Cook County; Illinois,68102.0
17031839700,Census Tract 8397; Cook County; Illinois,85030.0
17031839800,Census Tract 8398; Cook County; Illinois,82361.0
17031839900,Census Tract 8399; Cook County; Illinois,108194.0
17031840000,Census Tract 8400; Cook County; Illinois,99013.0
17031840100,Census Tract 8401; Cook County; Illinois,77465.0
17031840200,Census Tract 8402; Cook County; Illinois,56944.0
17031840300,Census Tract 8403; Cook County; Illinois,71205.0
17031840400,Census Tract 8404; Cook County; Illinois,111481.0
17031840700,Census Tract 8407; Cook County; Illinois,106840.0
17031840800,Census Tract 8408; Cook County; Illinois,48750.0
17031841000,Census Tract 8410; Cook County; Illinois,113106.0
17031841100,Census Tract 8411; Cook County; Illinois,44083.0
17031841200,Census Tract 8412; Cook County; Illinois,71250.0
17031841300,Census Tract 8413; Cook County; Illinois,62214.0
17031841500,Census Tract 8415; Cook County; Illinois,27029.0
17031841700,Census Tract 8417; Cook County; Illinois,67560.0
17031841800,Census Tract 8418; Cook County; Illinois,60179.0
17031841900,Census Tract 8419; Cook County; Illinois,141017.0
17031842000,Census Tract 8420; Cook County; Illinois,136667.0
17031842100,Census Tract 8421; Cook County; Illinois,63304.0
17031842200,Census Tract 8422; Cook County; Illinois,162736.0
17031842300,Census Tract 8423; Cook County; Illinois,161957.0
17031842400,Census Tract 8424; Cook County; Illinois,78494.0
17031842500,Census Tract 8425; Cook County; Illinois,36925.0
17031842600,Census Tract 8426; Cook County; Illinois,92500.0
17031842800,Census Tract 8428; Cook County; Illinois,67875.0
17031842900,Census Tract 8429; Cook County; Illinois,29363.0
17031843000,Census Tract 8430; Cook County; Illinois,25483.0
17031843100,Census Tract 8431; Cook County; Illinois,51023.0
17031843200,Census Tract 8432; Cook County; Illinois,74764.0
17031843300,Census Tract 8433; Cook County; Illinois,83393.0
17031843400,Census Tract 8434; Cook County; Illinois,42813.0
17031843500,Census Tract 8435; Cook County; Illinois,70625.0
17031843600,Census Tract 8436; Cook County; Illinois,84403.0
17031843700,Census Tract 8437; Cook County; Illinois,150357.0
17031843800,Census Tract 8438; Cook County; Illinois,58846.0
17031843900,Census Tract 8439; Cook County; Illinois,56923.0
17031844600,Census Tract 8446; Cook County; Illinois,58144.0
17031844700,Census Tract 8447; Cook County; Illinois,60250.0
