GEOID,NAME,median_home_value
17031010100,Census Tract 101; Cook County; Illinois,340700.0
17031010201,Census Tract 102.01; Cook County; Illinois,239900.0
17031010202,Census Tract 102.02; Cook County; Illinois,338000.0
17031010300,Census Tract 103; Cook County; Illinois,248500.0
17031010400,Census Tract 104; Cook County; Illinois,231100.0
17031010501,Census Tract 105.01; Cook County; Illinois,400300.0
17031010502,Census Tract 105.02; Cook County; Illinois,296100.0
17031010503,Census Tract 105.03; Cook County; Illinois,431800.0
17031010600,Census Tract 106; Cook County; Illinois,232100.0
17031010701,Census Tract 107.01; Cook County; Illinois,367200.0
17031010702,Census Tract 107.02; Cook County; Illinois,230600.0
17031020100,Census Tract 201; Cook County; Illinois,237900.0
17031020200,Census Tract 202; Cook County; Illinois,425600.0
17031020301,Census Tract 203.01; Cook County; Illinois,219200.0
17031020302,Census Tract 203.02; Cook County; Illinois,296300.0
17031020400,Census Tract 204; Cook County; Illinois,344200.0
17031020500,Census Tract 205; Cook County; Illinois,184300.0
17031020601,Census Tract 206.01; Cook County; Illinois,409300.0
17031020602,Census Tract 206.02; Cook County; Illinois,423000.0
17031020701,Census Tract 207.01; Cook County; Illinois,459800.0
17031020702,Census Tract 207.02; Cook County; Illinois,225900.0
17031020801,Census Tract 208.01; Cook County; Illinois,389400.0
17031020802,Census Tract 208.02; Cook County; Illinois,450000.0
17031020901,Census Tract 209.01; Cook County; Illinois,219900.0
17031020902,Census Tract 209.02; Cook County; Illinois,122600.0
17031030101,Census Tract 301.01; Cook County; Illinois,274800.0
17031030102,Census Tract 301.02; Cook County; Illinois,232800.0
17031030103,Census Tract 301.03; Cook County; Illinois,197500.0
17031030104,Census Tract 301.04; Cook County; Illinois,162300.0
17031030200,Census Tract 302; Cook County; Illinois,527300.0
17031030300,Census Tract 303; Cook County; Illinois,379700.0
17031030400,Census Tract 304; Cook County; Illinois,437300.0
17031030500,Census Tract 305; Cook County; Illinois,341000.0
17031030601,Census Tract 306.01; Cook County; Illinois,322600.0
17031030603,Census Tract 306.03; Cook County; Illinois,326300.0
17031030604,Census Tract 306.04; Cook County; Illinois,236400.0
17031030701,Census Tract 307.01; Cook County; Illinois,271800.0
17031030702,Census Tract 307.02; Cook County; Illinois,197400.0
17031030703,Census Tract 307.03; Cook County; Illinois,342700.0
17031030706,Census Tract 307.06; Cook County; Illinois,355400.0
17031030800,Census Tract 308; Cook County; Illinois,512500.0
17031030900,Census Tract 309; Cook County; Illinois,444300.0
17031031000,Census Tract 310; Cook County; Illinois,350200.0
17031031100,Census Tract 311; Cook County; Illinois,367900.0
17031031200,Census Tract 312; Cook County; Illinois,338800.0
17031031300,Census Tract 313; Cook County; Illinois,172500.0
17031031400,Census Tract 314; Cook County; Illinois,296300.0
17031031501,Census Tract 315.01; Cook County; Illinois,382100.0
17031031502,Census Tract 315.02; Cook County; Illinois,287900.0
17031031700,Census Tract 317; Cook County; Illinois,463300.0
17031031800,Census Tract 318; Cook County; Illinois,412800.0
17031031900,Census Tract 319; Cook County; Illinois,465900.0
17031032100,Census Tract 321; Cook County; Illinois,287700.0
17031040100,Census Tract 401; Cook County; Illinois,619200.0
17031040201,Census Tract 402.01; Cook County; Illinois,464100.0
17031040202,Census Tract 402.02; Cook County; Illinois,283500.0
17031040300,Census Tract 403; Cook County; Illinois,501300.0
17031040401,Census Tract 404.01; Cook County; Illinois,445900.0
17031040402,Census Tract 404.02; Cook County; Illinois,335800.0
17031040600,Census Tract 406; Cook County; Illinois,750000.0
17031040700,Census Tract 407; Cook County; Illinois,391400.0
17031040800,Census Tract 408; Cook County; Illinois,514400.0
17031040900,Census Tract 409; Cook County; Illinois,648000.0
17031050100,Census Tract 501; Cook County; Illinois,627500.0
17031050200,Census Tract 502; Cook County; Illinois,731500.0
17031050300,Census Tract 503; Cook County; Illinois,631700.0
17031050500,Census Tract 505; Cook County; Illinois,968200.0
17031050600,Census Tract 506; Cook County; Illinois,450500.0
17031050700,Census Tract 507; Cook County; Illinois,702700.0
17031050800,Census Tract 508; Cook County; Illinois,987100.0
17031050900,Census Tract 509; Cook County; Illinois,856300.0
17031051000,Census Tract 510; Cook County; Illinois,771600.0
17031051100,Census Tract 511; Cook County; Illinois,740200.0
17031051200,Census Tract 512; Cook County; Illinois,718800.0
17031051300,Census Tract 513; Cook County; Illinois,750600.0
17031051400,Census Tract 514; Cook County; Illinois,630900.0
17031060100,Census Tract 601; Cook County; Illinois,667000.0
17031060200,Census Tract 602; Cook County; Illinois,674300.0
17031060300,Census Tract 603; Cook County; Illinois,782900.0
17031060400,Census Tract 604; Cook County; Illinois,649300.0
17031060500,Census Tract 605; Cook County; Illinois,912500.0
17031060800,Census Tract 608; Cook County; Illinois,219100.0
17031060900,Census Tract 609; Cook County; Illinois,250000.0
17031061000,Census Tract 610; Cook County; Illinois,575700.0
17031061100,Census Tract 611; Cook County; Illinois,608700.0
17031061200,Census Tract 612; Cook County; Illinois,851300.0
17031061500,Census Tract 615; Cook County; Illinois,708300.0
17031061800,Census Tract 618; Cook County; Illinois,479100.0
17031061901,Census Tract 619.01; Cook County; Illinois,298200.0
17031061902,Census Tract 619.02; Cook County; Illinois,395500.0
17031062000,Census Tract 620; Cook County; Illinois,565300.0
17031062100,Census Tract 621; Cook County; Illinois,626500.0
17031062200,Census Tract 622; Cook County; Illinois,678600.0
17031062300,Census Tract 623; Cook County; Illinois,1145500.0
17031062400,Census Tract 624; Cook County; Illinois,789200.0
17031062500,Census Tract 625; Cook County; Illinois,566700.0
17031062600,Census Tract 626; Cook County; Illinois,829400.0
17031062700,Census Tract 627; Cook County; Illinois,670900.0
17031062800,Census Tract 628; Cook County; Illinois,741400.0
17031062900,Census Tract 629; Cook County; Illinois,697600.0
17031063000,Census Tract 630; Cook County; Illinois,604500.0
17031063100,Census Tract 631; Cook County; Illinois,577900.0
17031063200,Census Tract 632; Cook County; Illinois,352200.0
17031063301,Census Tract 633.01; Cook County; Illinois,276000.0
17031063302,Census Tract 633.02; Cook County; Illinois,491400.0
17031063303,Census Tract 633.03; Cook County; Illinois,317900.0
17031063400,Census Tract 634; Cook County; Illinois,640600.0
17031070101,Census Tract 701.01; Cook County; Illinois,490100.0
17031070102,Census Tract 701.02; Cook County; Illinois,744300.0
17031070200,Census Tract 702; Cook County; Illinois,704300.0
17031070300,Census Tract 703; Cook County; Illinois,633900.0
17031070400,Census Tract 704; Cook County; Illinois,809500.0
17031070500,Census Tract 705; Cook County; Illinois,840600.0
17031070600,Census Tract 706; Cook County; Illinois,838100.0
17031070700,Census Tract 707; Cook County; Illinois,631400.0
17031071000,Census Tract 710; Cook County; Illinois,1010200.0
17031071100,Census Tract 711; Cook County; Illinois,1556900.0
17031071200,Census Tract 712; Cook County; Illinois,952300.0
17031071300,Census Tract 713; Cook County; Illinois,494100.0
17031071400,Census Tract 714; Cook County; Illinois,491700.0
17031071500,Census Tract 715; Cook County; Illinois,401600.0
17031071600,Census Tract 716; Cook County; Illinois,1140400.0
17031071700,Census Tract 717; Cook County; Illinois,948100.0
17031071800,Census Tract 718; Cook County; Illinois,903900.0
17031080100,Census Tract 801; Cook County; Illinois,575900.0
17031080201,Census Tract 802.01; Cook County; Illinois,256300.0
17031080202,Census Tract 802.02; Cook County; Illinois,360800.0
17031080300,Census Tract 803; Cook County; Illinois,557200.0
17031080400,Census Tract 804; Cook County; Illinois,700400.0
17031081000,Census Tract 810; Cook County; Illinois,741300.0
17031081100,Census Tract 811; Cook County; Illinois,398000.0
17031081201,Census Tract 812.01; Cook County; Illinois,697600.0
17031081202,Census Tract 812.02; Cook County; Illinois,801100.0
17031081300,Census Tract 813; Cook County; Illinois,481800.0
17031081401,Census Tract 814.01; Cook County; Illinois,456100.0
17031081402,Census Tract 814.02; Cook County; Illinois,636300.0
17031081403,Census Tract 814.03; Cook County; Illinois,854700.0
17031081500,Census Tract 815; Cook County; Illinois,674300.0
17031081600,Census Tract 816; Cook County; Illinois,416700.0
17031081700,Census Tract 817; Cook County; Illinois,477600.0
17031081800,Census Tract 818; Cook County; Illinois,539800.0
17031081900,Census Tract 819; Cook County; Illinois,486900.0
17031090100,Census Tract 901; Cook County; Illinois,445600.0
17031090200,Census Tract 902; Cook County; Illinois,461100.0
17031090300,Census Tract 903; Cook County; Illinois,502400.0
17031100100,Census Tract 1001; Cook County; Illinois,464000.0
17031100200,Census Tract 1002; Cook County; Illinois,413900.0
17031100300,Census Tract 1003; Cook County; Illinois,436000.0
17031100400,Census Tract 1004; Cook County; Illinois,426700.0
17031100500,Census Tract 1005; Cook County; Illinois,360400.0
17031100600,Census Tract 1006; Cook County; Illinois,360800.0
17031100700,Census Tract 1007; Cook County; Illinois,405600.0
17031110100,Census Tract 1101; Cook County; Illinois,428200.0
17031110200,Census Tract 1102; Cook County; Illinois,415600.0
17031110300,Census Tract 1103; Cook County; Illinois,398200.0
17031110400,Census Tract 1104; Cook County; Illinois,377400.0
17031110501,Census Tract 1105.01; Cook County; Illinois,408900.0
17031110502,Census Tract 1105.02; Cook County; Illinois,345500.0
17031120100,Census Tract 1201; Cook County; Illinois,581300.0
17031120200,Census Tract 1202; Cook County; Illinois,587100.0
17031120300,Census Tract 1203; Cook County; Illinois,520100.0
17031120400,Census Tract 1204; Cook County; Illinois,415700.0
17031130100,Census Tract 1301; Cook County; Illinois,475000.0
17031130200,Census Tract 1302; Cook County; Illinois,352500.0
17031130300,Census Tract 1303; Cook County; Illinois,431200.0
17031140100,Census Tract 1401; Cook County; Illinois,331900.0
17031140200,Census Tract 1402; Cook County; Illinois,291200.0
17031140301,Census Tract 1403.01; Cook County; Illinois,407600.0
17031140302,Census Tract 1403.02; Cook County; Illinois,413100.0
17031140400,Census Tract 1404; Cook County; Illinois,430900.0
17031140500,Census Tract 1405; Cook County; Illinois,403400.0
17031140601,Census Tract 1406.01; Cook County; Illinois,415600.0
17031140602,Census Tract 1406.02; Cook County; Illinois,401200.0
17031140701,Census Tract 1407.01; Cook County; Illinois,352400.0
17031140702,Census Tract 1407.02; Cook County; Illinois,411000.0
17031140800,Census Tract 1408; Cook County; Illinois,504400.0
17031150200,Census Tract 1502; Cook County; Illinois,417900.0
17031150300,Census Tract 1503; Cook County; Illinois,338200.0
17031150401,Census Tract 1504.01; Cook County; Illinois,374600.0
17031150402,Census Tract 1504.02; Cook County; Illinois,400900.0
17031150501,Census Tract 1505.01; Cook County; Illinois,379300.0
17031150502,Census Tract 1505.02; Cook County; Illinois,388600.0
17031150600,Census Tract 1506; Cook County; Illinois,442300.0
17031150700,Census Tract 1507; Cook County; Illinois,394400.0
17031150800,Census Tract 1508; Cook County; Illinois,352700.0
17031151001,Census Tract 1510.01; Cook County; Illinois,377700.0
17031151002,Census Tract 1510.02; Cook County; Illinois,364700.0
17031151100,Census Tract 1511; Cook County; Illinois,408700.0
17031151200,Census Tract 1512; Cook County; Illinois,369000.0
17031160100,Census Tract 1601; Cook County; Illinois,380700.0
17031160200,Census Tract 1602; Cook County; Illinois,577900.0
17031160300,Census Tract 1603; Cook County; Illinois,256800.0
17031160400,Census Tract 1604; Cook County; Illinois,622000.0
17031160501,Census Tract 1605.01; Cook County; Illinois,400000.0
17031160502,Census Tract 1605.02; Cook County; Illinois,442200.0
17031160601,Census Tract 1606.01; Cook County; Illinois,369000.0
17031160602,Census Tract 1606.02; Cook County; Illinois,408600.0
17031160700,Census Tract 1607; Cook County; Illinois,579500.0
17031160800,Census Tract 1608; Cook County; Illinois,543800.0
17031160900,Census Tract 1609; Cook County; Illinois,478900.0
17031161000,Census Tract 1610; Cook County; Illinois,605600.0
17031161100,Census Tract 1611; Cook County; Illinois,633200.0
17031161200,Census Tract 1612; Cook County; Illinois,435500.0
17031161300,Census Tract 1613; Cook County; Illinois,443600.0
17031170100,Census Tract 1701; Cook County; Illinois,263600.0
17031170200,Census Tract 1702; Cook County; Illinois,332600.0
17031170300,Census Tract 1703; Cook County; Illinois,357900.0
17031170400,Census Tract 1704; Cook County; Illinois,343500.0
17031170500,Census Tract 1705; Cook County; Illinois,350100.0
17031170600,Census Tract 1706; Cook County; Illinois,338900.0
17031170700,Census Tract 1707; Cook County; Illinois,412400.0
17031170800,Census Tract 1708; Cook County; Illinois,353500.0
17031170900,Census Tract 1709; Cook County; Illinois,299400.0
17031171000,Census Tract 1710; Cook County; Illinois,373500.0
17031171100,Census Tract 1711; Cook County; Illinois,353400.0
17031180100,Census Tract 1801; Cook County; Illinois,345800.0
17031190100,Census Tract 1901; Cook County; Illinois,347600.0
17031190200,Census Tract 1902; Cook County; Illinois,358100.0
17031190300,Census Tract 1903; Cook County; Illinois,350200.0
17031190401,Census Tract 1904.01; Cook County; Illinois,394700.0
17031190402,Census Tract 1904.02; Cook County; Illinois,317600.0
17031190601,Census Tract 1906.01; Cook County; Illinois,321500.0
17031190602,Census Tract 1906.02; Cook County; Illinois,296700.0
17031190701,Census Tract 1907.01; Cook County; Illinois,333000.0
17031190702,Census Tract 1907.02; Cook County; Illinois,335500.0
17031190800,Census Tract 1908; Cook County; Illinois,355900.0
17031190900,Census Tract 1909; Cook County; Illinois,351100.0
17031191000,Census Tract 1910; Cook County; Illinois,299000.0
17031191100,Census Tract 1911; Cook County; Illinois,325800.0
17031191200,Census Tract 1912; Cook County; Illinois,259500.0
17031191301,Census Tract 1913.01; Cook County; Illinois,297600.0
17031191302,Census Tract 1913.02; Cook County; Illinois,278900.0
17031200100,Census Tract 2001; Cook County; Illinois,325100.0
17031200200,Census Tract 2002; Cook County; Illinois,328900.0
17031200300,Census Tract 2003; Cook County; Illinois,317600.0
17031200401,Census Tract 2004.01; Cook County; Illinois,325700.0
17031200402,Census Tract 2004.02; Cook County; Illinois,295100.0
17031210100,Census Tract 2101; Cook County; Illinois,465200.0
17031210400,Census Tract 2104; Cook County; Illinois,361000.0
17031210501,Census Tract 2105.01; Cook County; Illinois,391600.0
17031210502,Census Tract 2105.02; Cook County; Illinois,479400.0
17031210601,Census Tract 2106.01; Cook County; Illinois,489400.0
17031210602,Census Tract 2106.02; Cook County; Illinois,441100.0
17031210700,Census Tract 2107; Cook County; Illinois,492600.0
17031210800,Census Tract 2108; Cook County; Illinois,547100.0
17031210900,Census Tract 2109; Cook County; Illinois,576800.0
17031220300,Census Tract 2203; Cook County; Illinois,478100.0
17031220400,Census Tract 2204; Cook County; Illinois,766100.0
17031220500,Census Tract 2205; Cook County; Illinois,481000.0
17031220601,Census Tract 2206.01; Cook County; Illinois,648300.0
17031220602,Census Tract 2206.02; Cook County; Illinois,623000.0
17031220701,Census Tract 2207.01; Cook County; Illinois,496700.0
17031220702,Census Tract 2207.02; Cook County; Illinois,523800.0
17031220901,Census Tract 2209.01; Cook County; Illinois,522800.0
17031220902,Census Tract 2209.02; Cook County; Illinois,493800.0
17031221000,Census Tract 2210; Cook County; Illinois,450700.0
17031221100,Census Tract 2211; Cook County; Illinois,382100.0
17031221200,Census Tract 2212; Cook County; Illinois,633300.0
17031221300,Census Tract 2213; Cook County; Illinois,746900.0
17031221400,Census Tract 2214; Cook County; Illinois,673900.0
17031221500,Census Tract 2215; Cook County; Illinois,681000.0
17031221600,Census Tract 2216; Cook County; Illinois,869000.0
17031222200,Census Tract 2222; Cook County; Illinois,894700.0
17031222500,Census Tract 2225; Cook County; Illinois,610600.0
17031222600,Census Tract 2226; Cook County; Illinois,485700.0
17031222700,Census Tract 2227; Cook County; Illinois,414800.0
17031222800,Census Tract 2228; Cook County; Illinois,599100.0
17031222900,Census Tract 2229; Cook County; Illinois,440000.0
17031230100,Census Tract 2301; Cook County; Illinois,684700.0
17031230200,Census Tract 2302; Cook County; Illinois,486100.0
17031230300,Census Tract 2303; Cook County; Illinois,512800.0
17031230400,Census Tract 2304; Cook County; Illinois,419600.0
17031230500,Census Tract 2305; Cook County; Illinois,376100.0
17031230600,Census Tract 2306; Cook County; Illinois,283900.0
17031230700,Census Tract 2307; Cook County; Illinois,358900.0
17031230800,Census Tract 2308; Cook County; Illinois,335700.0
17031230900,Census Tract 2309; Cook County; Illinois,455300.0
17031231100,Census Tract 2311; Cook County; Illinois,293100.0
17031231200,Census Tract 2312; Cook County; Illinois,230100.0
17031231500,Census Tract 2315; Cook County; Illinois,307300.0
17031240200,Census Tract 2402; Cook County; Illinois,788500.0
17031240300,Census Tract 2403; Cook County; Illinois,903800.0
17031240500,Census Tract 2405; Cook County; Illinois,545600.0
17031240600,Census Tract 2406; Cook County; Illinois,602600.0
17031240700,Census Tract 2407; Cook County; Illinois,581300.0
17031240800,Census Tract 2408; Cook County; Illinois,663900.0
17031240900,Census Tract 2409; Cook County; Illinois,460800.0
17031241000,Census Tract 2410; Cook County; Illinois,411800.0
17031241100,Census Tract 2411; Cook County; Illinois,516400.0
17031241200,Census Tract 2412; Cook County; Illinois,575200.0
17031241300,Census Tract 2413; Cook County; Illinois,616200.0
17031241400,Census Tract 2414; Cook County; Illinois,698300.0
17031241500,Census Tract 2415; Cook County; Illinois,718200.0
17031241600,Census Tract 2416; Cook County; Illinois,545800.0
17031242000,Census Tract 2420; Cook County; Illinois,611200.0
17031242100,Census Tract 2421; Cook County; Illinois,646800.0
17031242200,Census Tract 2422; Cook County; Illinois,679200.0
17031242300,Census Tract 2423; Cook County; Illinois,545600.0
17031242400,Census Tract 2424; Cook County; Illinois,628300.0
17031242500,Census Tract 2425; Cook County; Illinois,601400.0
17031242600,Census Tract 2426; Cook County; Illinois,582400.0
17031242700,Census Tract 2427; Cook County; Illinois,554300.0
17031242800,Census Tract 2428; Cook County; Illinois,671900.0
17031242900,Census Tract 2429; Cook County; Illinois,492700.0
17031243000,Census Tract 2430; Cook County; Illinois,479700.0
17031243100,Census Tract 2431; Cook County; Illinois,780600.0
17031243200,Census Tract 2432; Cook County; Illinois,665400.0
17031243300,Census Tract 2433; Cook County; Illinois,664600.0
17031243400,Census Tract 2434; Cook County; Illinois,462700.0
17031243500,Census Tract 2435; Cook County; Illinois,601300.0
17031250200,Census Tract 2502; Cook County; Illinois,276500.0
17031250300,Census Tract 2503; Cook County; Illinois,299100.0
17031250400,Census Tract 2504; Cook County; Illinois,257300.0
17031250500,Census Tract 2505; Cook County; Illinois,333100.0
17031250600,Census Tract 2506; Cook County; Illinois,265600.0
17031250700,Census Tract 2507; Cook County; Illinois,239300.0
17031250800,Census Tract 2508; Cook County; Illinois,268500.0
17031251000,Census Tract 2510; Cook County; Illinois,242600.0
17031251100,Census Tract 2511; Cook County; Illinois,239400.0
17031251200,Census Tract 2512; Cook County; Illinois,242200.0
17031251300,Census Tract 2513; Cook County; Illinois,271800.0
17031251400,Census Tract 2514; Cook County; Illinois,315100.0
17031251500,Census Tract 2515; Cook County; Illinois,241100.0
17031251600,Census Tract 2516; Cook County; Illinois,206100.0
17031251700,Census Tract 2517; Cook County; Illinois,244600.0
17031251800,Census Tract 2518; Cook County; Illinois,266300.0
17031251900,Census Tract 2519; Cook County; Illinois,233500.0
17031252000,Census Tract 2520; Cook County; Illinois,245800.0
17031252101,Census Tract 2521.01; Cook County; Illinois,244800.0
17031252102,Census Tract 2521.02; Cook County; Illinois,197100.0
17031252201,Census Tract 2522.01; Cook County; Illinois,239900.0
17031252202,Census Tract 2522.02; Cook County; Illinois,257100.0
17031260100,Census Tract 2601; Cook County; Illinois,325500.0
17031260200,Census Tract 2602; Cook County; Illinois,162500.0
17031260300,Census Tract 2603; Cook County; Illinois,242600.0
17031260400,Census Tract 2604; Cook County; Illinois,161200.0
17031260500,Census Tract 2605; Cook County; Illinois,217500.0
17031260600,Census Tract 2606; Cook County; Illinois,189600.0
17031260700,Census Tract 2607; Cook County; Illinois,242600.0
17031260800,Census Tract 2608; Cook County; Illinois,205300.0
17031260900,Census Tract 2609; Cook County; Illinois,245900.0
17031261000,Census Tract 2610; Cook County; Illinois,175000.0
17031270500,Census Tract 2705; Cook County; Illinois,165500.0
17031271200,Census Tract 2712; Cook County; Illinois,303400.0
17031271300,Census Tract 2713; Cook County; Illinois,414000.0
17031271400,Census Tract 2714; Cook County; Illinois,212500.0
17031271500,Census Tract 2715; Cook County; Illinois,273800.0
17031271800,Census Tract 2718; Cook County; Illinois,237500.0
17031280100,Census Tract 2801; Cook County; Illinois,428900.0
17031280400,Census Tract 2804; Cook County; Illinois,344000.0
17031280800,Census Tract 2808; Cook County; Illinois,370000.0
17031280900,Census Tract 2809; Cook County; Illinois,351100.0
17031281900,Census Tract 2819; Cook County; Illinois,396100.0
17031282700,Census Tract 2827; Cook County; Illinois,319200.0
17031282800,Census Tract 2828; Cook County; Illinois,404800.0
17031283100,Census Tract 2831; Cook County; Illinois,465800.0
17031283200,Census Tract 2832; Cook County; Illinois,441000.0
17031283800,Census Tract 2838; Cook County; Illinois,398300.0
17031290900,Census Tract 2909; Cook County; Illinois,222800.0
17031291200,Census Tract 2912; Cook County; Illinois,243900.0
17031291600,Census Tract 2916; Cook County; Illinois,373900.0
17031292200,Census Tract 2922; Cook County; Illinois,244800.0
17031292400,Census Tract 2924; Cook County; Illinois,255500.0
17031292500,Census Tract 2925; Cook County; Illinois,239600.0
17031300500,Census Tract 3005; Cook County; Illinois,225300.0
17031300600,Census Tract 3006; Cook County; Illinois,281400.0
17031300700,Census Tract 3007; Cook County; Illinois,287300.0
17031300800,Census Tract 3008; Cook County; Illinois,225600.0
17031301100,Census Tract 3011; Cook County; Illinois,219300.0
17031301200,Census Tract 3012; Cook County; Illinois,255400.0
17031301600,Census Tract 3016; Cook County; Illinois,233300.0
17031301701,Census Tract 3017.01; Cook County; Illinois,264100.0
17031301702,Census Tract 3017.02; Cook County; Illinois,255000.0
17031301801,Census Tract 3018.01; Cook County; Illinois,277900.0
17031301802,Census Tract 3018.02; Cook County; Illinois,220600.0
17031301803,Census Tract 3018.03; Cook County; Illinois,193000.0
17031310200,Census Tract 3102; Cook County; Illinois,408100.0
17031310300,Census Tract 3103; Cook County; Illinois,503700.0
17031310400,Census Tract 3104; Cook County; Illinois,378400.0
17031310500,Census Tract 3105; Cook County; Illinois,407500.0
17031310600,Census Tract 3106; Cook County; Illinois,369200.0
17031310700,Census Tract 3107; Cook County; Illinois,423500.0
17031310800,Census Tract 3108; Cook County; Illinois,379700.0
17031310900,Census Tract 3109; Cook County; Illinois,271200.0
17031320101,Census Tract 3201.01; Cook County; Illinois,638900.0
17031320102,Census Tract 3201.02; Cook County; Illinois,379600.0
17031320400,Census Tract 3204; Cook County; Illinois,654700.0
17031320600,Census Tract 3206; Cook County; Illinois,380800.0
17031330101,Census Tract 3301.01; Cook County; Illinois,593500.0
17031330102,Census Tract 3301.02; Cook County; Illinois,390800.0
17031330103,Census Tract 3301.03; Cook County; Illinois,364800.0
17031330200,Census Tract 3302; Cook County; Illinois,603700.0
17031340300,Census Tract 3403; Cook County; Illinois,395000.0
17031340400,Census Tract 3404; Cook County; Illinois,358100.0
17031340500,Census Tract 3405; Cook County; Illinois,460100.0
17031351000,Census Tract 3510; Cook County; Illinois,366900.0
17031351100,Census Tract 3511; Cook County; Illinois,289300.0
17031351400,Census Tract 3514; Cook County; Illinois,511000.0
17031351500,Census Tract 3515; Cook County; Illinois,422900.0
17031360200,Census Tract 3602; Cook County; Illinois,272200.0
17031380100,Census Tract 3801; Cook County; Illinois,323300.0
17031380200,Census Tract 3802; Cook County; Illinois,242600.0
17031380600,Census Tract 3806; Cook County; Illinois,273200.0
17031381200,Census Tract 3812; Cook County; Illinois,405400.0
17031381400,Census Tract 3814; Cook County; Illinois,320400.0
17031381800,Census Tract 3818; Cook County; Illinois,275000.0
17031381900,Census Tract 3819; Cook County; Illinois,411100.0
17031390100,Census Tract 3901; Cook County; Illinois,559800.0
17031390200,Census Tract 3902; Cook County; Illinois,386400.0
17031390300,Census Tract 3903; Cook County; Illinois,358200.0
17031390400,Census Tract 3904; Cook County; Illinois,382600.0
17031390500,Census Tract 3905; Cook County; Illinois,845800.0
17031390600,Census Tract 3906; Cook County; Illinois,546900.0
17031390700,Census Tract 3907; Cook County; Illinois,244800.0
17031400300,Census Tract 4003; Cook County; Illinois,226000.0
17031400400,Census Tract 4004; Cook County; Illinois,171400.0
17031400500,Census Tract 4005; Cook County; Illinois,429500.0
17031410100,Census Tract 4101; Cook County; Illinois,208500.0
17031410200,Census Tract 4102; Cook County; Illinois,292900.0
17031410500,Census Tract 4105; Cook County; Illinois,402600.0
17031410600,Census Tract 4106; Cook County; Illinois,322800.0
17031410700,Census Tract 4107; Cook County; Illinois,439200.0
17031410800,Census Tract 4108; Cook County; Illinois,367900.0
17031410900,Census Tract 4109; Cook County; Illinois,344600.0
17031411000,Census Tract 4110; Cook County; Illinois,184200.0
17031411100,Census Tract 4111; Cook County; Illinois,562500.0
17031411200,Census Tract 4112; Cook County; Illinois,490900.0
17031420100,Census Tract 4201; Cook County; Illinois,281700.0
17031420200,Census Tract 4202; Cook County; Illinois,403100.0
17031420300,Census Tract 4203; Cook County; Illinois,343800.0
17031420400,Census Tract 4204; Cook County; Illinois,260000.0
17031420500,Census Tract 4205; Cook County; Illinois,169200.0
17031420600,Census Tract 4206; Cook County; Illinois,143500.0
17031420800,Census Tract 4208; Cook County; Illinois,243800.0
17031421200,Census Tract 4212; Cook County; Illinois,225000.0
17031430101,Census Tract 4301.01; Cook County; Illinois,110900.0
17031430102,Census Tract 4301.02; Cook County; Illinois,204200.0
17031430200,Census Tract 4302; Cook County; Illinois,383800.0
17031430300,Census Tract 4303; Cook County; Illinois,228700.0
17031430400,Census Tract 4304; Cook County; Illinois,195600.0
17031430500,Census Tract 4305; Cook County; Illinois,261700.0
17031430600,Census Tract 4306; Cook County; Illinois,341200.0
17031430700,Census Tract 4307; Cook County; Illinois,217300.0
17031430800,Census Tract 4308; Cook County; Illinois,247800.0
17031430900,Census Tract 4309; Cook County; Illinois,192400.0
17031431200,Census Tract 4312; Cook County; Illinois,267300.0
17031431301,Census Tract 4313.01; Cook County; Illinois,278200.0
17031431400,Census Tract 4314; Cook County; Illinois,112500.0
17031440102,Census Tract 4401.02; Cook County; Illinois,184500.0
17031440201,Census Tract 4402.01; Cook County; Illinois,249700.0
17031440202,Census Tract 4402.02; Cook County; Illinois,264700.0
17031440300,Census Tract 4403; Cook County; Illinois,236800.0
17031440600,Census Tract 4406; Cook County; Illinois,192300.0
17031440700,Census Tract 4407; Cook County; Illinois,168100.0
17031440800,Census Tract 4408; Cook County; Illinois,141900.0
17031440900,Census Tract 4409; Cook County; Illinois,233000.0
17031450300,Census Tract 4503; Cook County; Illinois,190200.0
17031460100,Census Tract 4601; Cook County; Illinois,147500.0
17031460200,Census Tract 4602; Cook County; Illinois,104900.0
17031460301,Census Tract 4603.01; Cook County; Illinois,154300.0
17031460302,Census Tract 4603.02; Cook County; Illinois,163200.0
17031460400,Census Tract 4604; Cook County; Illinois,240500.0
17031460500,Census Tract 4605; Cook County; Illinois,217700.0
17031460800,Census Tract 4608; Cook County; Illinois,227900.0
17031461000,Census Tract 4610; Cook County; Illinois,78900.0
17031470100,Census Tract 4701; Cook County; Illinois,227400.0
17031480100,Census Tract 4801; Cook County; Illinois,242400.0
17031480200,Census Tract 4802; Cook County; Illinois,153800.0
17031480300,Census Tract 4803; Cook County; Illinois,240600.0
17031480400,Census Tract 4804; Cook County; Illinois,212100.0
17031480500,Census Tract 4805; Cook County; Illinois,210300.0
17031490200,Census Tract 4902; Cook County; Illinois,179200.0
17031490500,Census Tract 4905; Cook County; Illinois,247300.0
17031490600,Census Tract 4906; Cook County; Illinois,163400.0
17031490700,Census Tract 4907; Cook County; Illinois,163800.0
17031490800,Census Tract 4908; Cook County; Illinois,165400.0
17031490901,Census Tract 4909.01; Cook County; Illinois,188100.0
17031490902,Census Tract 4909.02; Cook County; Illinois,183300.0
17031491000,Census Tract 4910; Cook County; Illinois,143300.0
17031491100,Census Tract 4911; Cook County; Illinois,202400.0
17031491200,Census Tract 4912; Cook County; Illinois,177000.0
17031491300,Census Tract 4913; Cook County; Illinois,123500.0
17031500100,Census Tract 5001; Cook County; Illinois,163000.0
17031500200,Census Tract 5002; Cook County; Illinois,186100.0
17031500300,Census Tract 5003; Cook County; Illinois,213100.0
17031510100,Census Tract 5101; Cook County; Illinois,155100.0
17031510200,Census Tract 5102; Cook County; Illinois,145400.0
17031510300,Census Tract 5103; Cook County; Illinois,117700.0
17031520100,Census Tract 5201; Cook County; Illinois,152600.0
17031520200,Census Tract 5202; Cook County; Illinois,113300.0
17031520300,Census Tract 5203; Cook County; Illinois,157700.0
17031520400,Census Tract 5204; Cook County; Illinois,181900.0
17031520500,Census Tract 5205; Cook County; Illinois,215900.0
17031520600,Census Tract 5206; Cook County; Illinois,189500.0
17031530200,Census Tract 5302; Cook County; Illinois,124900.0
17031530300,Census Tract 5303; Cook County; Illinois,160200.0
17031530400,Census Tract 5304; Cook County; Illinois,146900.0
17031530501,Census Tract 5305.01; Cook County; Illinois,111100.0
17031530502,Census Tract 5305.02; Cook County; Illinois,172600.0
17031530503,Census Tract 5305.03; Cook County; Illinois,167300.0
17031530600,Census Tract 5306; Cook County; Illinois,177300.0
17031540101,Census Tract 5401.01; Cook County; Illinois,120800.0
17031540102,Census Tract 5401.02; Cook County; Illinois,98100.0
17031550100,Census Tract 5501; Cook County; Illinois,203800.0
17031550200,Census Tract 5502; Cook County; Illinois,185500.0
17031560100,Census Tract 5601; Cook County; Illinois,273100.0
17031560200,Census Tract 5602; Cook County; Illinois,235100.0
17031560300,Census Tract 5603; Cook County; Illinois,258800.0
17031560400,Census Tract 5604; Cook County; Illinois,254800.0
17031560700,Census Tract 5607; Cook County; Illinois,300500.0
17031560800,Census Tract 5608; Cook County; Illinois,310800.0
17031560900,Census Tract 5609; Cook County; Illinois,332800.0
17031561000,Census Tract 5610; Cook County; Illinois,306000.0
17031561100,Census Tract 5611; Cook County; Illinois,308400.0
17031570100,Census Tract 5701; Cook County; Illinois,233800.0
17031570200,Census Tract 5702; Cook County; Illinois,289400.0
17031570300,Census Tract 5703; Cook County; Illinois,309900.0
17031570400,Census Tract 5704; Cook County; Illinois,245700.0
17031570500,Census Tract 5705; Cook County; Illinois,282400.0
17031580100,Census Tract 5801; Cook County; Illinois,370500.0
17031580200,Census Tract 5802; Cook County; Illinois,289300.0
17031580300,Census Tract 5803; Cook County; Illinois,227600.0
17031580400,Census Tract 5804; Cook County; Illinois,272700.0
17031580501,Census Tract 5805.01; Cook County; Illinois,249700.0
17031580502,Census Tract 5805.02; Cook County; Illinois,223900.0
17031580600,Census Tract 5806; Cook County; Illinois,223000.0
17031580700,Census Tract 5807; Cook County; Illinois,231200.0
17031580800,Census Tract 5808; Cook County; Illinois,223000.0
17031590500,Census Tract 5905; Cook County; Illinois,356800.0
17031590600,Census Tract 5906; Cook County; Illinois,258900.0
17031590700,Census Tract 5907; Cook County; Illinois,332100.0
17031600400,Census Tract 6004; Cook County; Illinois,374500.0
17031600600,Census Tract 6006; Cook County; Illinois,434300.0
17031600700,Census Tract 6007; Cook County; Illinois,417500.0
17031600900,Census Tract 6009; Cook County; Illinois,378100.0
17031610300,Census Tract 6103; Cook County; Illinois,206700.0
17031610400,Census Tract 6104; Cook County; Illinois,157400.0
17031610800,Census Tract 6108; Cook County; Illinois,338200.0
17031611200,Census Tract 6112; Cook County; Illinois,221200.0
17031611300,Census Tract 6113; Cook County; Illinois,176600.0
17031611400,Census Tract 6114; Cook County; Illinois,284800.0
17031611500,Census Tract 6115; Cook County; Illinois,267400.0
17031611600,Census Tract 6116; Cook County; Illinois,148800.0
17031611700,Census Tract 6117; Cook County; Illinois,123800.0
17031611800,Census Tract 6118; Cook County; Illinois,167100.0
17031612000,Census Tract 6120; Cook County; Illinois,88000.0
17031612100,Census Tract 6121; Cook County; Illinois,221400.0
17031612200,Census Tract 6122; Cook County; Illinois,148400.0
17031620100,Census Tract 6201; Cook County; Illinois,264600.0
17031620200,Census Tract 6202; Cook County; Illinois,289900.0
17031620300,Census Tract 6203; Cook County; Illinois,245100.0
17031620400,Census Tract 6204; Cook County; Illinois,241100.0
17031630300,Census Tract 6303; Cook County; Illinois,232300.0
17031630400,Census Tract 6304; Cook County; Illinois,235000.0
17031630500,Census Tract 6305; Cook County; Illinois,225500.0
17031630600,Census Tract 6306; Cook County; Illinois,249500.0
17031630800,Census Tract 6308; Cook County; Illinois,276100.0
17031630900,Census Tract 6309; Cook County; Illinois,257000.0
17031640100,Census Tract 6401; Cook County; Illinois,264400.0
17031640300,Census Tract 6403; Cook County; Illinois,297600.0
17031640400,Census Tract 6404; Cook County; Illinois,330800.0
17031640500,Census Tract 6405; Cook County; Illinois,311900.0
17031640600,Census Tract 6406; Cook County; Illinois,320800.0
17031640700,Census Tract 6407; Cook County; Illinois,271600.0
17031640800,Census Tract 6408; Cook County; Illinois,272200.0
17031650100,Census Tract 6501; Cook County; Illinois,253800.0
17031650200,Census Tract 6502; Cook County; Illinois,285700.0
17031650301,Census Tract 6503.01; Cook County; Illinois,280500.0
17031650302,Census Tract 6503.02; Cook County; Illinois,241400.0
17031650400,Census Tract 6504; Cook County; Illinois,261300.0
17031650500,Census Tract 6505; Cook County; Illinois,206900.0
17031660301,Census Tract 6603.01; Cook County; Illinois,172400.0
17031660302,Census Tract 6603.02; Cook County; Illinois,239800.0
17031660400,Census Tract 6604; Cook County; Illinois,273100.0
17031660500,Census Tract 6605; Cook County; Illinois,233300.0
17031660600,Census Tract 6606; Cook County; Illinois,203000.0
17031660700,Census Tract 6607; Cook County; Illinois,200500.0
17031660800,Census Tract 6608; Cook County; Illinois,202900.0
17031660900,Census Tract 6609; Cook County; Illinois,265900.0
17031661000,Census Tract 6610; Cook County; Illinois,219600.0
17031661100,Census Tract 6611; Cook County; Illinois,229000.0
17031670100,Census Tract 6701; Cook County; Illinois,259400.0
17031670200,Census Tract 6702; Cook County; Illinois,93000.0
17031670400,Census Tract 6704; Cook County; Illinois,207200.0
17031670500,Census Tract 6705; Cook County; Illinois,210900.0
17031670600,Census Tract 6706; Cook County; Illinois,143000.0
17031670700,Census Tract 6707; Cook County; Illinois,189500.0
17031670800,Census Tract 6708; Cook County; Illinois,162700.0
17031670900,Census Tract 6709; Cook County; Illinois,162100.0
17031671100,Census Tract 6711; Cook County; Illinois,105400.0
17031671200,Census Tract 6712; Cook County; Illinois,226900.0
17031671300,Census Tract 6713; Cook County; Illinois,97700.0
17031671400,Census Tract 6714; Cook County; Illinois,179400.0
17031671500,Census Tract 6715; Cook County; Illinois,152900.0
17031671600,Census Tract 6716; Cook County; Illinois,90600.0
17031671800,Census Tract 6718; Cook County; Illinois,96100.0
17031671900,Census Tract 6719; Cook County; Illinois,141000.0
17031672000,Census Tract 6720; Cook County; Illinois,144000.0
17031680500,Census Tract 6805; Cook County; Illinois,137500.0
17031680600,Census Tract 6806; Cook County; Illinois,215000.0
17031680900,Census Tract 6809; Cook County; Illinois,190500.0
17031681000,Census Tract 6810; Cook County; Illinois,155500.0
17031681100,Census Tract 6811; Cook County; Illinois,152700.0
17031681200,Census Tract 6812; Cook County; Illinois,121900.0
17031681300,Census Tract 6813; Cook County; Illinois,192300.0
17031681400,Census Tract 6814; Cook County; Illinois,93500.0
17031690400,Census Tract 6904; Cook County; Illinois,178100.0
17031690500,Census Tract 6905; Cook County; Illinois,173800.0
17031690900,Census Tract 6909; Cook County; Illinois,184100.0
17031691000,Census Tract 6910; Cook County; Illinois,285500.0
17031691100,Census Tract 6911; Cook County; Illinois,163800.0
17031691200,Census Tract 6912; Cook County; Illinois,182500.0
17031691300,Census Tract 6913; Cook County; Illinois,150600.0
17031691400,Census Tract 6914; Cook County; Illinois,167300.0
17031700100,Census Tract 7001; Cook County; Illinois,238300.0
17031700200,Census Tract 7002; Cook County; Illinois,237000.0
17031700301,Census Tract 7003.01; Cook County; Illinois,267900.0
17031700302,Census Tract 7003.02; Cook County; Illinois,259100.0
17031700401,Census Tract 7004.01; Cook County; Illinois,247900.0
17031700402,Census Tract 7004.02; Cook County; Illinois,256700.0
17031700501,Census Tract 7005.01; Cook County; Illinois,241500.0
17031700502,Census Tract 7005.02; Cook County; Illinois,264500.0
17031710100,Census Tract 7101; Cook County; Illinois,207700.0
17031710200,Census Tract 7102; Cook County; Illinois,220600.0
17031710300,Census Tract 7103; Cook County; Illinois,177200.0
17031710400,Census Tract 7104; Cook County; Illinois,186600.0
17031710500,Census Tract 7105; Cook County; Illinois,197000.0
17031710600,Census Tract 7106; Cook County; Illinois,240400.0
17031710700,Census Tract 7107; Cook County; Illinois,207700.0
17031710800,Census Tract 7108; Cook County; Illinois,186000.0
17031710900,Census Tract 7109; Cook County; Illinois,145300.0
17031711000,Census Tract 7110; Cook County; Illinois,194600.0
17031711100,Census Tract 7111; Cook County; Illinois,225900.0
17031711200,Census Tract 7112; Cook County; Illinois,200100.0
17031711300,Census Tract 7113; Cook County; Illinois,217300.0
17031711400,Census Tract 7114; Cook County; Illinois,191300.0
17031711500,Census Tract 7115; Cook County; Illinois,166200.0
17031720100,Census Tract 7201; Cook County; Illinois,462900.0
17031720200,Census Tract 7202; Cook County; Illinois,358800.0
17031720300,Census Tract 7203; Cook County; Illinois,381800.0
17031720400,Census Tract 7204; Cook County; Illinois,327200.0
17031720500,Census Tract 7205; Cook County; Illinois,383700.0
17031720600,Census Tract 7206; Cook County; Illinois,492500.0
17031720700,Census Tract 7207; Cook County; Illinois,355700.0
17031730100,Census Tract 7301; Cook County; Illinois,172100.0
17031730201,Census Tract 7302.01; Cook County; Illinois,225700.0
17031730202,Census Tract 7302.02; Cook County; Illinois,210200.0
17031730300,Census Tract 7303; Cook County; Illinois,177900.0
17031730400,Census Tract 7304; Cook County; Illinois,181600.0
17031730500,Census Tract 7305; Cook County; Illinois,164900.0
17031730600,Census Tract 7306; Cook County; Illinois,168400.0
17031730700,Census Tract 7307; Cook County; Illinois,186600.0
17031740100,Census Tract 7401; Cook County; Illinois,312100.0
17031740200,Census Tract 7402; Cook County; Illinois,329000.0
17031740300,Census Tract 7403; Cook County; Illinois,319300.0
17031740400,Census Tract 7404; Cook County; Illinois,301700.0
17031750100,Census Tract 7501; Cook County; Illinois,211500.0
17031750200,Census Tract 7502; Cook County; Illinois,327700.0
17031750300,Census Tract 7503; Cook County; Illinois,347000.0
17031750400,Census Tract 7504; Cook County; Illinois,307200.0
17031750500,Census Tract 7505; Cook County; Illinois,245800.0
17031750600,Census Tract 7506; Cook County; Illinois,187200.0
17031760801,Census Tract 7608.01; Cook County; Illinois,170600.0
17031760802,Census Tract 7608.02; Cook County; Illinois,391400.0
17031760803,Census Tract 7608.03; Cook County; Illinois,192800.0
17031770201,Census Tract 7702.01; Cook County; Illinois,339600.0
17031770202,Census Tract 7702.02; Cook County; Illinois,297900.0
17031770300,Census Tract 7703; Cook County; Illinois,337500.0
17031770400,Census Tract 7704; Cook County; Illinois,318200.0
17031770500,Census Tract 7705; Cook County; Illinois,31700.0
17031770601,Census Tract 7706.01; Cook County; Illinois,333200.0
17031770602,Census Tract 7706.02; Cook County; Illinois,353500.0
17031770700,Census Tract 7707; Cook County; Illinois,344900.0
17031770800,Census Tract 7708; Cook County; Illinois,266300.0
17031770901,Census Tract 7709.01; Cook County; Illinois,318600.0
17031770902,Census Tract 7709.02; Cook County; Illinois,366900.0
17031800100,Census Tract 8001; Cook County; Illinois,1673200.0
17031800200,Census Tract 8002; Cook County; Illinois,1186500.0
17031800300,Census Tract 8003; Cook County; Illinois,1209100.0
17031800400,Census Tract 8004; Cook County; Illinois,1458100.0
17031800500,Census Tract 8005; Cook County; Illinois,1227200.0
17031800600,Census Tract 8006; Cook County; Illinois,1600000.0
17031800700,Census Tract 8007; Cook County; Illinois,1007700.0
17031800800,Census Tract 8008; Cook County; Illinois,590200.0
17031800900,Census Tract 8009; Cook County; Illinois,533000.0
17031801000,Census Tract 8010; Cook County; Illinois,705200.0
17031801100,Census Tract 8011; Cook County; Illinois,891100.0
17031801200,Census Tract 8012; Cook County; Illinois,993700.0
17031801300,Census Tract 8013; Cook County; Illinois,1039100.0
17031801400,Census Tract 8014; Cook County; Illinois,541200.0
17031801500,Census Tract 8015; Cook County; Illinois,596900.0
17031801601,Census Tract 8016.01; Cook County; Illinois,604700.0
17031801603,Census Tract 8016.03; Cook County; Illinois,456300.0
17031801605,Census Tract 8016.05; Cook County; Illinois,689500.0
17031801606,Census Tract 8016.06; Cook County; Illinois,645100.0
17031801607,Census Tract 8016.07; Cook County; Illinois,663600.0
17031801608,Census Tract 8016.08; Cook County; Illinois,581900.0
17031801701,Census Tract 8017.01; Cook County; Illinois,786300.0
17031801702,Census Tract 8017.02; Cook County; Illinois,672900.0
17031801800,Census Tract 8018; Cook County; Illinois,934100.0
17031801901,Census Tract 8019.01; Cook County; Illinois,455900.0
17031801902,Census Tract 8019.02; Cook County; Illinois,855400.0
17031802002,Census Tract 8020.02; Cook County; Illinois,573000.0
17031802003,Census Tract 8020.03; Cook County; Illinois,600800.0
17031802004,Census Tract 8020.04; Cook County; Illinois,220300.0
17031802100,Census Tract 8021; Cook County; Illinois,700600.0
17031802200,Census Tract 8022; Cook County; Illinois,655300.0
17031802300,Census Tract 8023; Cook County; Illinois,768600.0
17031802402,Census Tract 8024.02; Cook County; Illinois,394000.0
17031802403,Census Tract 8024.03; Cook County; Illinois,244000.0
17031802404,Census Tract 8024.04; Cook County; Illinois,192600.0
17031802503,Census Tract 8025.03; Cook County; Illinois,274800.0
17031802504,Census Tract 8025.04; Cook County; Illinois,325600.0
17031802505,Census Tract 8025.05; Cook County; Illinois,210300.0
17031802506,Census Tract 8025.06; Cook County; Illinois,312700.0
17031802605,Census Tract 8026.05; Cook County; Illinois,392200.0
17031802607,Census Tract 8026.07; Cook County; Illinois,452300.0
17031802608,Census Tract 8026.08; Cook County; Illinois,318900.0
17031802609,Census Tract 8026.09; Cook County; Illinois,160700.0
17031802610,Census Tract 8026.10; Cook County; Illinois,395700.0
17031802701,Census Tract 8027.01; Cook County; Illinois,449500.0
17031802702,Census Tract 8027.02; Cook County; Illinois,453600.0
17031802801,Census Tract 8028.01; Cook County; Illinois,431400.0
17031802802,Census Tract 8028.02; Cook County; Illinois,364600.0
17031802900,Census Tract 8029; Cook County; Illinois,524200.0
17031803005,Census Tract 8030.05; Cook County; Illinois,367900.0
17031803007,Census Tract 8030.07; Cook County; Illinois,384300.0
17031803008,Census Tract 8030.08; Cook County; Illinois,473900.0
17031803010,Census Tract 8030.10; Cook County; Illinois,380600.0
17031803012,Census Tract 8030.12; Cook County; Illinois,295200.0
17031803013,Census Tract 8030.13; Cook County; Illinois,288200.0
17031803014,Census Tract 8030.14; Cook County; Illinois,308500.0
17031803015,Census Tract 8030.15; Cook County; Illinois,386500.0
17031803016,Census Tract 8030.16; Cook County; Illinois,440500.0
17031803017,Census Tract 8030.17; Cook County; Illinois,426800.0
17031803100,Census Tract 8031; Cook County; Illinois,454900.0
17031803200,Census Tract 8032; Cook County; Illinois,388000.0
17031803300,Census Tract 8033; Cook County; Illinois,355900.0
17031803400,Census Tract 8034; Cook County; Illinois,490500.0
17031803500,Census Tract 8035; Cook County; Illinois,443500.0
17031803603,Census Tract 8036.03; Cook County; Illinois,587200.0
17031803604,Census Tract 8036.04; Cook County; Illinois,364700.0
17031803605,Census Tract 8036.05; Cook County; Illinois,424900.0
17031803607,Census Tract 8036.07; Cook County; Illinois,363900.0
17031803608,Census Tract 8036.08; Cook County; Illinois,466300.0
17031803611,Census Tract 8036.11; Cook County; Illinois,189400.0
17031803612,Census Tract 8036.12; Cook County; Illinois,300000.0
17031803613,Census Tract 8036.13; Cook County; Illinois,184700.0
17031803614,Census Tract 8036.14; Cook County; Illinois,148700.0
17031803615,Census Tract 8036.15; Cook County; Illinois,340300.0
17031803616,Census Tract 8036.16; Cook County; Illinois,331800.0
17031803701,Census Tract 8037.01; Cook County; Illinois,330400.0
17031803702,Census Tract 8037.02; Cook County; Illinois,389400.0
17031803800,Census Tract 8038; Cook County; Illinois,344700.0
17031803901,Census Tract 8039.01; Cook County; Illinois,222000.0
17031803902,Census Tract 8039.02; Cook County; Illinois,311200.0
17031804000,Census Tract 8040; Cook County; Illinois,285800.0
17031804102,Census Tract 8041.02; Cook County; Illinois,582700.0
17031804104,Census Tract 8041.04; Cook County; Illinois,379300.0
17031804105,Census Tract 8041.05; Cook County; Illinois,432700.0
17031804106,Census Tract 8041.06; Cook County; Illinois,436900.0
17031804109,Census Tract 8041.09; Cook County; Illinois,523400.0
17031804202,Census Tract 8042.02; Cook County; Illinois,558900.0
17031804203,Census Tract 8042.03; Cook County; Illinois,934000.0
17031804204,Census Tract 8042.04; Cook County; Illinois,701400.0
17031804305,Census Tract 8043.05; Cook County; Illinois,241900.0
17031804306,Census Tract 8043.06; Cook County; Illinois,260100.0
17031804308,Census Tract 8043.08; Cook County; Illinois,272900.0
17031804309,Census Tract 8043.09; Cook County; Illinois,263100.0
17031804312,Census Tract 8043.12; Cook County; Illinois,544300.0
17031804313,Census Tract 8043.13; Cook County; Illinois,332800.0
17031804314,Census Tract 8043.14; Cook County; Illinois,315200.0
17031804315,Census Tract 8043.15; Cook County; Illinois,304000.0
17031804316,Census Tract 8043.16; Cook County; Illinois,350100.0
17031804403,Census Tract 8044.03; Cook County; Illinois,275100.0
17031804404,Census Tract 8044.04; Cook County; Illinois,275600.0
17031804405,Census Tract 8044.05; Cook County; Illinois,281300.0
17031804406,Census Tract 8044.06; Cook County; Illinois,223200.0
17031804505,Census Tract 8045.05; Cook County; Illinois,232700.0
17031804506,Census Tract 8045.06; Cook County; Illinois,360400.0
17031804508,Census Tract 8045.08; Cook County; Illinois,223500.0
17031804509,Census Tract 8045.09; Cook County; Illinois,257800.0
17031804510,Census Tract 8045.10; Cook County; Illinois,267300.0
17031804511,Census Tract 8045.11; Cook County; Illinois,284200.0
17031804512,Census Tract 8045.12; Cook County; Illinois,331400.0
17031804513,Census Tract 8045.13; Cook County; Illinois,362100.0
17031804514,Census Tract 8045.14; Cook County; Illinois,384400.0
17031804603,Census Tract 8046.03; Cook County; Illinois,232600.0
17031804606,Census Tract 8046.06; Cook County; Illinois,418800.0
17031804607,Census Tract 8046.07; Cook County; Illinois,412700.0
17031804608,Census Tract 8046.08; Cook County; Illinois,308700.0
17031804609,Census Tract 8046.09; Cook County; Illinois,420300.0
17031804610,Census Tract 8046.10; Cook County; Illinois,233800.0
17031804611,Census Tract 8046.11; Cook County; Illinois,283900.0
17031804701,Census Tract 8047.01; Cook County; Illinois,208700.0
17031804705,Census Tract 8047.05; Cook County; Illinois,177400.0
17031804706,Census Tract 8047.06; Cook County; Illinois,379500.0
17031804709,Census Tract 8047.09; Cook County; Illinois,334300.0
17031804710,Census Tract 8047.10; Cook County; Illinois,322800.0
17031804711,Census Tract 8047.11; Cook County; Illinois,282200.0
17031804712,Census Tract 8047.12; Cook County; Illinois,406600.0
17031804713,Census Tract 8047.13; Cook County; Illinois,309100.0
17031804714,Census Tract 8047.14; Cook County; Illinois,335600.0
17031804715,Census Tract 8047.15; Cook County; Illinois,212500.0
17031804716,Census Tract 8047.16; Cook County; Illinois,367800.0
17031804803,Census Tract 8048.03; Cook County; Illinois,376400.0
17031804804,Census Tract 8048.04; Cook County; Illinois,276700.0
17031804805,Census Tract 8048.05; Cook County; Illinois,337800.0
17031804806,Census Tract 8048.06; Cook County; Illinois,281900.0
17031804807,Census Tract 8048.07; Cook County; Illinois,321200.0
17031804808,Census Tract 8048.08; Cook County; Illinois,368900.0
17031804809,Census Tract 8048.09; Cook County; Illinois,376300.0
17031804810,Census Tract 8048.10; Cook County; Illinois,346600.0
17031804901,Census Tract 8049.01; Cook County; Illinois,408200.0
17031804902,Census Tract 8049.02; Cook County; Illinois,412000.0
17031805001,Census Tract 8050.01; Cook County; Illinois,453500.0
17031805002,Census Tract 8050.02; Cook County; Illinois,317300.0
17031805105,Census Tract 8051.05; Cook County; Illinois,245200.0
17031805106,Census Tract 8051.06; Cook County; Illinois,248700.0
17031805107,Census Tract 8051.07; Cook County; Illinois,211900.0
17031805108,Census Tract 8051.08; Cook County; Illinois,324000.0
17031805109,Census Tract 8051.09; Cook County; Illinois,423500.0
17031805110,Census Tract 8051.10; Cook County; Illinois,322000.0
17031805111,Census Tract 8051.11; Cook County; Illinois,329900.0
17031805112,Census Tract 8051.12; Cook County; Illinois,354300.0
17031805201,Census Tract 8052.01; Cook County; Illinois,427500.0
17031805202,Census Tract 8052.02; Cook County; Illinois,493600.0
17031805301,Census Tract 8053.01; Cook County; Illinois,419000.0
17031805302,Census Tract 8053.02; Cook County; Illinois,383200.0
17031805401,Census Tract 8054.01; Cook County; Illinois,397100.0
17031805402,Census Tract 8054.02; Cook County; Illinois,393400.0
17031805501,Census Tract 8055.01; Cook County; Illinois,536700.0
17031805502,Census Tract 8055.02; Cook County; Illinois,690800.0
17031805600,Census Tract 8056; Cook County; Illinois,680100.0
17031805701,Census Tract 8057.01; Cook County; Illinois,550000.0
17031805702,Census Tract 8057.02; Cook County; Illinois,513200.0
17031805801,Census Tract 8058.01; Cook County; Illinois,471700.0
17031805802,Census Tract 8058.02; Cook County; Illinois,477100.0
17031805901,Census Tract 8059.01; Cook County; Illinois,348700.0
17031805902,Census Tract 8059.02; Cook County; Illinois,564000.0
17031806001,Census Tract 8060.01; Cook County; Illinois,214600.0
17031806002,Census Tract 8060.02; Cook County; Illinois,228700.0
17031806004,Census Tract 8060.04; Cook County; Illinois,364700.0
17031806005,Census Tract 8060.05; Cook County; Illinois,210800.0
17031806006,Census Tract 8060.06; Cook County; Illinois,304300.0
17031806102,Census Tract 8061.02; Cook County; Illinois,347900.0
17031806103,Census Tract 8061.03; Cook County; Illinois,372700.0
17031806104,Census Tract 8061.04; Cook County; Illinois,261500.0
17031806201,Census Tract 8062.01; Cook County; Illinois,253000.0
17031806202,Census Tract 8062.02; Cook County; Illinois,277200.0
17031806300,Census Tract 8063; Cook County; Illinois,338200.0
17031806400,Census Tract 8064; Cook County; Illinois,354800.0
17031806501,Census Tract 8065.01; Cook County; Illinois,316000.0
17031806502,Census Tract 8065.02; Cook County; Illinois,309600.0
17031806600,Census Tract 8066; Cook County; Illinois,309400.0
17031806700,Census Tract 8067; Cook County; Illinois,473800.0
17031806801,Census Tract 8068.01; Cook County; Illinois,358700.0
17031806802,Census Tract 8068.02; Cook County; Illinois,465800.0
17031806900,Census Tract 8069; Cook County; Illinois,357600.0
17031807000,Census Tract 8070; Cook County; Illinois,292300.0
17031807100,Census Tract 8071; Cook County; Illinois,496800.0
17031807200,Census Tract 8072; Cook County; Illinois,399500.0
17031807300,Census Tract 8073; Cook County; Illinois,341700.0
17031807400,Census Tract 8074; Cook County; Illinois,405700.0
17031807500,Census Tract 8075; Cook County; Illinois,384600.0
17031807600,Census Tract 8076; Cook County; Illinois,361100.0
17031807700,Census Tract 8077; Cook County; Illinois,341800.0
17031807800,Census Tract 8078; Cook County; Illinois,489800.0
17031807900,Census Tract 8079; Cook County; Illinois,617800.0
17031808001,Census Tract 8080.01; Cook County; Illinois,464700.0
17031808002,Census Tract 8080.02; Cook County; Illinois,477800.0
17031808100,Census Tract 8081; Cook County; Illinois,307300.0
17031808200,Census Tract 8082; Cook County; Illinois,341200.0
17031808301,Census Tract 8083.01; Cook County; Illinois,366200.0
17031808302,Census Tract 8083.02; Cook County; Illinois,331700.0
17031808400,Census Tract 8084; Cook County; Illinois,393700.0
17031808500,Census Tract 8085; Cook County; Illinois,426500.0
17031808600,Census Tract 8086; Cook County; Illinois,922100.0
17031808702,Census Tract 8087.02; Cook County; Illinois,217900.0
17031808800,Census Tract 8088; Cook County; Illinois,955900.0
17031808900,Census Tract 8089; Cook County; Illinois,610700.0
17031809000,Census Tract 8090; Cook County; Illinois,820900.0
17031809100,Census Tract 8091; Cook County; Illinois,659000.0
17031809200,Census Tract 8092; Cook County; Illinois,401900.0
17031809300,Census Tract 8093; Cook County; Illinois,659400.0
17031809401,Census Tract 8094.01; Cook County; Illinois,457100.0
17031809402,Census Tract 8094.02; Cook County; Illinois,394100.0
17031809500,Census Tract 8095; Cook County; Illinois,587200.0
17031809600,Census Tract 8096; Cook County; Illinois,521000.0
17031809700,Census Tract 8097; Cook County; Illinois,418900.0
17031809800,Census Tract 8098; Cook County; Illinois,768200.0
17031809900,Census Tract 8099; Cook County; Illinois,504400.0
17031810000,Census Tract 8100; Cook County; Illinois,345900.0
17031810100,Census Tract 8101; Cook County; Illinois,431500.0
17031810200,Census Tract 8102; Cook County; Illinois,230600.0
17031810301,Census Tract 8103.01; Cook County; Illinois,416900.0
17031810302,Census Tract 8103.02; Cook County; Illinois,435900.0
17031810400,Census Tract 8104; Cook County; Illinois,491600.0
17031810501,Census Tract 8105.01; Cook County; Illinois,375300.0
17031810502,Census Tract 8105.02; Cook County; Illinois,378700.0
17031810600,Census Tract 8106; Cook County; Illinois,347000.0
17031810701,Census Tract 8107.01; Cook County; Illinois,306400.0
17031810702,Census Tract 8107.02; Cook County; Illinois,248100.0
17031810800,Census Tract 8108; Cook County; Illinois,344100.0
17031810900,Census Tract 8109; Cook County; Illinois,323200.0
17031811000,Census Tract 8110; Cook County; Illinois,411000.0
17031811100,Census Tract 8111; Cook County; Illinois,226400.0
17031811200,Census Tract 8112; Cook County; Illinois,261000.0
17031811301,Census Tract 8113.01; Cook County; Illinois,263400.0
17031811302,Census Tract 8113.02; Cook County; Illinois,233000.0
17031811401,Census Tract 8114.01; Cook County; Illinois,316300.0
17031811402,Census Tract 8114.02; Cook County; Illinois,287500.0
17031811500,Census Tract 8115; Cook County; Illinois,283600.0
17031811600,Census Tract 8116; Cook County; Illinois,294900.0
17031811701,Census Tract 8117.01; Cook County; Illinois,267700.0
17031811702,Census Tract 8117.02; Cook County; Illinois,223100.0
17031811800,Census Tract 8118; Cook County; Illinois,275000.0
17031811900,Census Tract 8119; Cook County; Illinois,816100.0
17031812000,Census Tract 8120; Cook County; Illinois,569900.0
17031812100,Census Tract 8121; Cook County; Illinois,446200.0
17031812200,Census Tract 8122; Cook County; Illinois,700800.0
17031812301,Census Tract 8123.01; Cook County; Illinois,245300.0
17031812302,Census Tract 8123.02; Cook County; Illinois,535100.0
17031812400,Census Tract 8124; Cook County; Illinois,690400.0
17031812500,Census Tract 8125; Cook County; Illinois,456700.0
17031812600,Census Tract 8126; Cook County; Illinois,372600.0
17031812700,Census Tract 8127; Cook County; Illinois,306400.0
17031812801,Census Tract 8128.01; Cook County; Illinois,281100.0
17031812802,Census Tract 8128.02; Cook County; Illinois,286100.0
17031812900,Census Tract 8129; Cook County; Illinois,495500.0
17031813000,Census Tract 8130; Cook County; Illinois,481600.0
17031813100,Census Tract 8131; Cook County; Illinois,416500.0
17031813200,Census Tract 8132; Cook County; Illinois,480900.0
17031813301,Census Tract 8133.01; Cook County; Illinois,172400.0
17031813302,Census Tract 8133.02; Cook County; Illinois,225500.0
17031813400,Census Tract 8134; Cook County; Illinois,256600.0
17031813500,Census Tract 8135; Cook County; Illinois,284500.0
17031813600,Census Tract 8136; Cook County; Illinois,285700.0
17031813701,Census Tract 8137.01; Cook County; Illinois,223600.0
17031813702,Census Tract 8137.02; Cook County; Illinois,291000.0
17031813801,Census Tract 8138.01; Cook County; Illinois,235500.0
17031813802,Census Tract 8138.02; Cook County; Illinois,243800.0
17031813900,Census Tract 8139; Cook County; Illinois,259700.0
17031814000,Census Tract 8140; Cook County; Illinois,253700.0
17031814100,Census Tract 8141; Cook County; Illinois,253700.0
17031814200,Census Tract 8142; Cook County; Illinois,194900.0
17031814300,Census Tract 8143; Cook County; Illinois,253200.0
17031814400,Census Tract 8144; Cook County; Illinois,232200.0
17031814500,Census Tract 8145; Cook County; Illinois,260500.0
17031814600,Census Tract 8146; Cook County; Illinois,280500.0
17031814700,Census Tract 8147; Cook County; Illinois,276100.0
17031814800,Census Tract 8148; Cook County; Illinois,340800.0
17031814900,Census Tract 8149; Cook County; Illinois,343800.0
17031815000,Census Tract 8150; Cook County; Illinois,329700.0
17031815100,Census Tract 8151; Cook County; Illinois,289500.0
17031815200,Census Tract 8152; Cook County; Illinois,256500.0
17031815300,Census Tract 8153; Cook County; Illinois,282500.0
17031815400,Census Tract 8154; Cook County; Illinois,315100.0
17031815500,Census Tract 8155; Cook County; Illinois,298600.0
17031815600,Census Tract 8156; Cook County; Illinois,296700.0
17031815701,Census Tract 8157.01; Cook County; Illinois,510700.0
17031815702,Census Tract 8157.02; Cook County; Illinois,489400.0
17031815800,Census Tract 8158; Cook County; Illinois,402000.0
17031815900,Census Tract 8159; Cook County; Illinois,218200.0
17031816000,Census Tract 8160; Cook County; Illinois,384400.0
17031816100,Census Tract 8161; Cook County; Illinois,311300.0
17031816200,Census Tract 8162; Cook County; Illinois,320400.0
17031816300,Census Tract 8163; Cook County; Illinois,277800.0
17031816401,Census Tract 8164.01; Cook County; Illinois,306800.0
17031816402,Census Tract 8164.02; Cook County; Illinois,243000.0
17031816600,Census Tract 8166; Cook County; Illinois,243200.0
17031816700,Census Tract 8167; Cook County; Illinois,242600.0
17031816800,Census Tract 8168; Cook County; Illinois,246900.0
17031816900,Census Tract 8169; Cook County; Illinois,225900.0
17031817000,Census Tract 8170; Cook County; Illinois,238900.0
17031817101,Census Tract 8171.01; Cook County; Illinois,232200.0
17031817102,Census Tract 8171.02; Cook County; Illinois,226900.0
17031817200,Census Tract 8172; Cook County; Illinois,228200.0
17031817300,Census Tract 8173; Cook County; Illinois,183300.0
17031817400,Census Tract 8174; Cook County; Illinois,265900.0
17031817500,Census Tract 8175; Cook County; Illinois,230000.0
17031817600,Census Tract 8176; Cook County; Illinois,225500.0
17031817700,Census Tract 8177; Cook County; Illinois,230700.0
17031817900,Census Tract 8179; Cook County; Illinois,259000.0
17031818000,Census Tract 8180; Cook County; Illinois,272900.0
17031818100,Census Tract 8181; Cook County; Illinois,331800.0
17031818200,Census Tract 8182; Cook County; Illinois,299900.0
17031818300,Census Tract 8183; Cook County; Illinois,240600.0
17031818401,Census Tract 8184.01; Cook County; Illinois,301400.0
17031818402,Census Tract 8184.02; Cook County; Illinois,315300.0
17031818500,Census Tract 8185; Cook County; Illinois,347000.0
17031818600,Census Tract 8186; Cook County; Illinois,387800.0
17031818700,Census Tract 8187; Cook County; Illinois,321100.0
17031818800,Census Tract 8188; Cook County; Illinois,340100.0
17031818900,Census Tract 8189; Cook County; Illinois,406900.0
17031819000,Census Tract 8190; Cook County; Illinois,662700.0
17031819100,Census Tract 8191; Cook County; Illinois,237800.0
17031819200,Census Tract 8192; Cook County; Illinois,265300.0
17031819300,Census Tract 8193; Cook County; Illinois,303200.0
17031819400,Census Tract 8194; Cook County; Illinois,319600.0
17031819500,Census Tract 8195; Cook County; Illinois,329800.0
17031819600,Census Tract 8196; Cook County; Illinois,601800.0
17031819700,Census Tract 8197; Cook County; Illinois,762800.0
17031819801,Census Tract 8198.01; Cook County; Illinois,752200.0
17031819802,Census Tract 8198.02; Cook County; Illinois,731100.0
17031819900,Census Tract 8199; Cook County; Illinois,776200.0
17031820000,Census Tract 8200; Cook County; Illinois,1089700.0
17031820101,Census Tract 8201.01; Cook County; Illinois,518900.0
17031820103,Census Tract 8201.03; Cook County; Illinois,416300.0
17031820104,Census Tract 8201.04; Cook County; Illinois,370300.0
17031820202,Census Tract 8202.02; Cook County; Illinois,180600.0
17031820203,Census Tract 8202.03; Cook County; Illinois,490600.0
17031820204,Census Tract 8202.04; Cook County; Illinois,470800.0
17031820300,Census Tract 8203; Cook County; Illinois,240000.0
17031820400,Census Tract 8204; Cook County; Illinois,224300.0
17031820501,Census Tract 8205.01; Cook County; Illinois,295300.0
17031820502,Census Tract 8205.02; Cook County; Illinois,256600.0
17031820603,Census Tract 8206.03; Cook County; Illinois,213500.0
17031820604,Census Tract 8206.04; Cook County; Illinois,215900.0
17031820605,Census Tract 8206.05; Cook County; Illinois,239200.0
17031820606,Census Tract 8206.06; Cook County; Illinois,305200.0
17031820700,Census Tract 8207; Cook County; Illinois,244900.0
17031820800,Census Tract 8208; Cook County; Illinois,275500.0
17031820901,Census Tract 8209.01; Cook County; Illinois,248500.0
17031820902,Census Tract 8209.02; Cook County; Illinois,247500.0
17031821001,Census Tract 8210.01; Cook County; Illinois,266900.0
17031821002,Census Tract 8210.02; Cook County; Illinois,269600.0
17031821101,Census Tract 8211.01; Cook County; Illinois,310200.0
17031821102,Census Tract 8211.02; Cook County; Illinois,316800.0
17031821200,Census Tract 8212; Cook County; Illinois,208000.0
17031821300,Census Tract 8213; Cook County; Illinois,175400.0
17031821401,Census Tract 8214.01; Cook County; Illinois,186500.0
17031821402,Census Tract 8214.02; Cook County; Illinois,182200.0
17031821500,Census Tract 8215; Cook County; Illinois,91700.0
17031821600,Census Tract 8216; Cook County; Illinois,247600.0
17031821700,Census Tract 8217; Cook County; Illinois,281700.0
17031821800,Census Tract 8218; Cook County; Illinois,269100.0
17031821900,Census Tract 8219; Cook County; Illinois,271000.0
17031822000,Census Tract 8220; Cook County; Illinois,173400.0
17031822101,Census Tract 8221.01; Cook County; Illinois,256000.0
17031822102,Census Tract 8221.02; Cook County; Illinois,210600.0
17031822200,Census Tract 8222; Cook County; Illinois,279300.0
17031822301,Census Tract 8223.01; Cook County; Illinois,292800.0
17031822302,Census Tract 8223.02; Cook County; Illinois,243400.0
17031822400,Census Tract 8224; Cook County; Illinois,280700.0
17031822500,Census Tract 8225; Cook County; Illinois,282900.0
17031822601,Census Tract 8226.01; Cook County; Illinois,299100.0
17031822602,Census Tract 8226.02; Cook County; Illinois,308400.0
17031822701,Census Tract 8227.01; Cook County; Illinois,224900.0
17031822702,Census Tract 8227.02; Cook County; Illinois,322300.0
17031822801,Census Tract 8228.01; Cook County; Illinois,278400.0
17031822802,Census Tract 8228.02; Cook County; Illinois,296600.0
17031822900,Census Tract 8229; Cook County; Illinois,232900.0
17031823001,Census Tract 8230.01; Cook County; Illinois,223300.0
17031823002,Census Tract 8230.02; Cook County; Illinois,245300.0
17031823101,Census Tract 8231.01; Cook County; Illinois,201400.0
17031823102,Census Tract 8231.02; Cook County; Illinois,230100.0
17031823200,Census Tract 8232; Cook County; Illinois,260800.0
17031823302,Census Tract 8233.02; Cook County; Illinois,195600.0
17031823303,Census Tract 8233.03; Cook County; Illinois,226600.0
17031823304,Census Tract 8233.04; Cook County; Illinois,183700.0
17031823400,Census Tract 8234; Cook County; Illinois,164100.0
17031823500,Census Tract 8235; Cook County; Illinois,200500.0
17031823602,Census Tract 8236.02; Cook County; Illinois,218700.0
17031823603,Census Tract 8236.03; Cook County; Illinois,102100.0
17031823604,Census Tract 8236.04; Cook County; Illinois,370100.0
17031823605,Census Tract 8236.05; Cook County; Illinois,333500.0
17031823702,Census Tract 8237.02; Cook County; Illinois,337300.0
17031823703,Census Tract 8237.03; Cook County; Illinois,183000.0
17031823704,Census Tract 8237.04; Cook County; Illinois,323100.0
17031823705,Census Tract 8237.05; Cook County; Illinois,303500.0
17031823801,Census Tract 8238.01; Cook County; Illinois,485000.0
17031823803,Census Tract 8238.03; Cook County; Illinois,314000.0
17031823805,Census Tract 8238.05; Cook County; Illinois,193500.0
17031823806,Census Tract 8238.06; Cook County; Illinois,196600.0
17031823901,Census Tract 8239.01; Cook County; Illinois,395500.0
17031823903,Census Tract 8239.03; Cook County; Illinois,416900.0
17031823904,Census Tract 8239.04; Cook County; Illinois,355500.0
17031824003,Census Tract 8240.03; Cook County; Illinois,438800.0
17031824004,Census Tract 8240.04; Cook County; Illinois,536000.0
17031824005,Census Tract 8240.05; Cook County; Illinois,437600.0
17031824006,Census Tract 8240.06; Cook County; Illinois,596800.0
17031824105,Census Tract 8241.05; Cook County; Illinois,371700.0
17031824106,Census Tract 8241.06; Cook County; Illinois,358200.0
17031824107,Census Tract 8241.07; Cook County; Illinois,350000.0
17031824113,Census Tract 8241.13; Cook County; Illinois,395300.0
17031824114,Census Tract 8241.14; Cook County; Illinois,408900.0
17031824115,Census Tract 8241.15; Cook County; Illinois,269500.0
17031824116,Census Tract 8241.16; Cook County; Illinois,334500.0
17031824119,Census Tract 8241.19; Cook County; Illinois,421000.0
17031824121,Census Tract 8241.21; Cook County; Illinois,283400.0
17031824122,Census Tract 8241.22; Cook County; Illinois,375900.0
17031824123,Census Tract 8241.23; Cook County; Illinois,279500.0
17031824124,Census Tract 8241.24; Cook County; Illinois,307700.0
17031824125,Census Tract 8241.25; Cook County; Illinois,279000.0
17031824126,Census Tract 8241.26; Cook County; Illinois,390600.0
17031824127,Census Tract 8241.27; Cook County; Illinois,335000.0
17031824128,Census Tract 8241.28; Cook County; Illinois,430000.0
17031824129,Census Tract 8241.29; Cook County; Illinois,410400.0
17031824300,Census Tract 8243; Cook County; Illinois,146700.0
17031824400,Census Tract 8244; Cook County; Illinois,268500.0
17031824503,Census Tract 8245.03; Cook County; Illinois,258200.0
17031824505,Census Tract 8245.05; Cook County; Illinois,254900.0
17031824507,Census Tract 8245.07; Cook County; Illinois,282000.0
17031824508,Census Tract 8245.08; Cook County; Illinois,235600.0
17031824509,Census Tract 8245.09; Cook County; Illinois,285800.0
17031824601,Census Tract 8246.01; Cook County; Illinois,232800.0
17031824602,Census Tract 8246.02; Cook County; Illinois,225900.0
17031824701,Census Tract 8247.01; Cook County; Illinois,201800.0
17031824702,Census Tract 8247.02; Cook County; Illinois,187700.0
17031824800,Census Tract 8248; Cook County; Illinois,166900.0
17031824900,Census Tract 8249; Cook County; Illinois,155000.0
17031825000,Census Tract 8250; Cook County; Illinois,231900.0
17031825200,Census Tract 8252; Cook County; Illinois,220900.0
17031825302,Census Tract 8253.02; Cook County; Illinois,292100.0
17031825303,Census Tract 8253.03; Cook County; Illinois,255600.0
17031825304,Census Tract 8253.04; Cook County; Illinois,267200.0
17031825400,Census Tract 8254; Cook County; Illinois,231500.0
17031825501,Census Tract 8255.01; Cook County; Illinois,183300.0
17031825503,Census Tract 8255.03; Cook County; Illinois,169800.0
17031825504,Census Tract 8255.04; Cook County; Illinois,218600.0
17031825505,Census Tract 8255.05; Cook County; Illinois,200400.0
17031825600,Census Tract 8256; Cook County; Illinois,126800.0
17031825700,Census Tract 8257; Cook County; Illinois,161300.0
17031825801,Census Tract 8258.01; Cook County; Illinois,109000.0
17031825802,Census Tract 8258.02; Cook County; Illinois,158200.0
17031825803,Census Tract 8258.03; Cook County; Illinois,154400.0
17031825900,Census Tract 8259; Cook County; Illinois,136700.0
17031826000,Census Tract 8260; Cook County; Illinois,102400.0
17031826100,Census Tract 8261; Cook County; Illinois,133700.0
17031826201,Census Tract 8262.01; Cook County; Illinois,112200.0
17031826202,Census Tract 8262.02; Cook County; Illinois,150600.0
17031826301,Census Tract 8263.01; Cook County; Illinois,156200.0
17031826303,Census Tract 8263.03; Cook County; Illinois,177700.0
17031826304,Census Tract 8263.04; Cook County; Illinois,163000.0
17031826401,Census Tract 8264.01; Cook County; Illinois,154300.0
17031826402,Census Tract 8264.02; Cook County; Illinois,139100.0
17031826500,Census Tract 8265; Cook County; Illinois,121100.0
17031826600,Census Tract 8266; Cook County; Illinois,114000.0
17031826700,Census Tract 8267; Cook County; Illinois,117100.0
17031826800,Census Tract 8268; Cook County; Illinois,131600.0
17031826901,Census Tract 8269.01; Cook County; Illinois,80100.0
17031826902,Census Tract 8269.02; Cook County; Illinois,82500.0
17031827000,Census Tract 8270; Cook County; Illinois,84100.0
17031827100,Census Tract 8271; Cook County; Illinois,79500.0
17031827200,Census Tract 8272; Cook County; Illinois,129400.0
17031827300,Census Tract 8273; Cook County; Illinois,106200.0
17031827400,Census Tract 8274; Cook County; Illinois,120200.0
17031827500,Census Tract 8275; Cook County; Illinois,88000.0
17031827600,Census Tract 8276; Cook County; Illinois,140200.0
17031827700,Census Tract 8277; Cook County; Illinois,119600.0
17031827801,Census Tract 8278.01; Cook County; Illinois,199200.0
17031827802,Census Tract 8278.02; Cook County; Illinois,219200.0
17031827804,Census Tract 8278.04; Cook County; Illinois,215600.0
17031827805,Census Tract 8278.05; Cook County; Illinois,242500.0
17031827901,Census Tract 8279.01; Cook County; Illinois,291700.0
17031827902,Census Tract 8279.02; Cook County; Illinois,161600.0
17031828000,Census Tract 8280; Cook County; Illinois,160800.0
17031828100,Census Tract 8281; Cook County; Illinois,176500.0
17031828201,Census Tract 8282.01; Cook County; Illinois,158700.0
17031828202,Census Tract 8282.02; Cook County; Illinois,202900.0
17031828300,Census Tract 8283; Cook County; Illinois,156000.0
17031828401,Census Tract 8284.01; Cook County; Illinois,212000.0
17031828402,Census Tract 8284.02; Cook County; Illinois,159300.0
17031828503,Census Tract 8285.03; Cook County; Illinois,73100.0
17031828504,Census Tract 8285.04; Cook County; Illinois,147200.0
17031828505,Census Tract 8285.05; Cook County; Illinois,240800.0
17031828507,Census Tract 8285.07; Cook County; Illinois,206500.0
17031828508,Census Tract 8285.08; Cook County; Illinois,109300.0
17031828601,Census Tract 8286.01; Cook County; Illinois,226100.0
17031828602,Census Tract 8286.02; Cook County; Illinois,262900.0
17031828701,Census Tract 8287.01; Cook County; Illinois,221300.0
17031828702,Census Tract 8287.02; Cook County; Illinois,191900.0
17031828801,Census Tract 8288.01; Cook County; Illinois,223200.0
17031828802,Census Tract 8288.02; Cook County; Illinois,180700.0
17031828900,Census Tract 8289; Cook County; Illinois,137900.0
17031829100,Census Tract 8291; Cook County; Illinois,93200.0
17031829200,Census Tract 8292; Cook County; Illinois,157500.0
17031829301,Census Tract 8293.01; Cook County; Illinois,213700.0
17031829302,Census Tract 8293.02; Cook County; Illinois,136800.0
17031829401,Census Tract 8294.01; Cook County; Illinois,116700.0
17031829402,Census Tract 8294.02; Cook County; Illinois,32400.0
17031829500,Census Tract 8295; Cook County; Illinois,149300.0
17031829600,Census Tract 8296; Cook County; Illinois,137200.0
17031829700,Census Tract 8297; Cook County; Illinois,200100.0
17031829800,Census Tract 8298; Cook County; Illinois,279200.0
17031829902,Census Tract 8299.02; Cook County; Illinois,267500.0
17031829903,Census Tract 8299.03; Cook County; Illinois,175400.0
17031829904,Census Tract 8299.04; Cook County; Illinois,256700.0
17031830001,Census Tract 8300.01; Cook County; Illinois,56100.0
17031830003,Census Tract 8300.03; Cook County; Illinois,277800.0
17031830004,Census Tract 8300.04; Cook County; Illinois,294800.0
17031830005,Census Tract 8300.05; Cook County; Illinois,325300.0
17031830006,Census Tract 8300.06; Cook County; Illinois,170800.0
17031830007,Census Tract 8300.07; Cook County; Illinois,189900.0
17031830008,Census Tract 8300.08; Cook County; Illinois,246500.0
17031830100,Census Tract 8301; Cook County; Illinois,158900.0
17031830201,Census Tract 8302.01; Cook County; Illinois,174900.0
17031830202,Census Tract 8302.02; Cook County; Illinois,129900.0
17031830400,Census Tract 8304; Cook County; Illinois,117300.0
17031830500,Census Tract 8305; Cook County; Illinois,200200.0
17031830600,Census Tract 8306; Cook County; Illinois,266200.0
17031830700,Census Tract 8307; Cook County; Illinois,351200.0
17031830800,Census Tract 8308; Cook County; Illinois,388100.0
17031830900,Census Tract 8309; Cook County; Illinois,577200.0
17031831000,Census Tract 8310; Cook County; Illinois,961200.0
17031831100,Census Tract 8311; Cook County; Illinois,471400.0
17031831200,Census Tract 8312; Cook County; Illinois,326400.0
17031831300,Census Tract 8313; Cook County; Illinois,343200.0
17031831400,Census Tract 8314; Cook County; Illinois,214100.0
17031831500,Census Tract 8315; Cook County; Illinois,261000.0
17031831600,Census Tract 8316; Cook County; Illinois,308700.0
17031831700,Census Tract 8317; Cook County; Illinois,432300.0
17031831800,Census Tract 8318; Cook County; Illinois,339300.0
17031831900,Census Tract 8319; Cook County; Illinois,513400.0
17031832000,Census Tract 8320; Cook County; Illinois,568200.0
17031832100,Census Tract 8321; Cook County; Illinois,391200.0
17031832200,Census Tract 8322; Cook County; Illinois,832200.0
17031832300,Census Tract 8323; Cook County; Illinois,731400.0
17031832400,Census Tract 8324; Cook County; Illinois,548200.0
17031832500,Census Tract 8325; Cook County; Illinois,865900.0
17031832600,Census Tract 8326; Cook County; Illinois,744800.0
17031832900,Census Tract 8329; Cook County; Illinois,540200.0
17031833000,Census Tract 8330; Cook County; Illinois,835200.0
17031833100,Census Tract 8331; Cook County; Illinois,532500.0
17031833300,Census Tract 8333; Cook County; Illinois,544400.0
17031833900,Census Tract 8339; Cook County; Illinois,194600.0
17031834000,Census Tract 8340; Cook County; Illinois,127900.0
17031834200,Census Tract 8342; Cook County; Illinois,201800.0
17031834300,Census Tract 8343; Cook County; Illinois,237300.0
17031834400,Census Tract 8344; Cook County; Illinois,332900.0
17031834500,Census Tract 8345; Cook County; Illinois,218300.0
17031834600,Census Tract 8346; Cook County; Illinois,263600.0
17031834700,Census Tract 8347; Cook County; Illinois,204500.0
17031834900,Census Tract 8349; Cook County; Illinois,118900.0
17031835000,Census Tract 8350; Cook County; Illinois,159800.0
17031835100,Census Tract 8351; Cook County; Illinois,174400.0
17031835200,Census Tract 8352; Cook County; Illinois,267800.0
17031835500,Census Tract 8355; Cook County; Illinois,181700.0
17031835800,Census Tract 8358; Cook County; Illinois,268500.0
17031836000,Census Tract 8360; Cook County; Illinois,313700.0
17031836100,Census Tract 8361; Cook County; Illinois,331500.0
17031836200,Census Tract 8362; Cook County; Illinois,342600.0
17031836300,Census Tract 8363; Cook County; Illinois,392200.0
17031836400,Census Tract 8364; Cook County; Illinois,431300.0
17031836500,Census Tract 8365; Cook County; Illinois,557800.0
17031836600,Census Tract 8366; Cook County; Illinois,231100.0
17031836700,Census Tract 8367; Cook County; Illinois,286700.0
17031836800,Census Tract 8368; Cook County; Illinois,292600.0
17031836900,Census Tract 8369; Cook County; Illinois,251100.0
17031837000,Census Tract 8370; Cook County; Illinois,288200.0
17031837100,Census Tract 8371; Cook County; Illinois,285800.0
17031837300,Census Tract 8373; Cook County; Illinois,213100.0
17031837400,Census Tract 8374; Cook County; Illinois,340500.0
17031837800,Census Tract 8378; Cook County; Illinois,401300.0
17031838000,Census Tract 8380; Cook County; Illinois,379500.0
17031838100,Census Tract 8381; Cook County; Illinois,338600.0
17031838200,Census Tract 8382; Cook County; Illinois,601400.0
17031838300,Census Tract 8383; Cook County; Illinois,815500.0
17031838600,Census Tract 8386; Cook County; Illinois,285100.0
17031838700,Census Tract 8387; Cook County; Illinois,228200.0
17031838800,Census Tract 8388; Cook County; Illinois,155500.0
17031839000,Census Tract 8390; Cook County; Illinois,346200.0
17031839100,Census Tract 8391; Cook County; Illinois,423300.0
17031839200,Census Tract 8392; Cook County; Illinois,126300.0
17031839500,Census Tract 8395; Cook County; Illinois,448600.0
17031839600,Census Tract 8396; Cook County; Illinois,428200.0
17031839700,Census Tract 8397; Cook County; Illinois,400600.0
17031839800,Census Tract 8398; Cook County; Illinois,598800.0
17031839900,Census Tract 8399; Cook County; Illinois,449600.0
17031840000,Census Tract 8400; Cook County; Illinois,525600.0
17031840100,Census Tract 8401; Cook County; Illinois,462300.0
17031840200,Census Tract 8402; Cook County; Illinois,363900.0
17031840300,Census Tract 8403; Cook County; Illinois,327100.0
17031840400,Census Tract 8404; Cook County; Illinois,307600.0
17031840700,Census Tract 8407; Cook County; Illinois,198800.0
17031840800,Census Tract 8408; Cook County; Illinois,228300.0
17031841000,Census Tract 8410; Cook County; Illinois,426800.0
17031841100,Census Tract 8411; Cook County; Illinois,354600.0
17031841200,Census Tract 8412; Cook County; Illinois,328300.0
17031841300,Census Tract 8413; Cook County; Illinois,382000.0
17031841500,Census Tract 8415; Cook County; Illinois,260900.0
17031841700,Census Tract 8417; Cook County; Illinois,216200.0
17031841800,Census Tract 8418; Cook County; Illinois,190100.0
17031841900,Census Tract 8419; Cook County; Illinois,419900.0
17031842000,Census Tract 8420; Cook County; Illinois,354200.0
17031842100,Census Tract 8421; Cook County; Illinois,227900.0
17031842200,Census Tract 8422; Cook County; Illinois,505900.0
17031842300,Census Tract 8423; Cook County; Illinois,637400.0
17031842400,Census Tract 8424; Cook County; Illinois,191600.0
17031842500,Census Tract 8425; Cook County; Illinois,208300.0
17031842600,Census Tract 8426; Cook County; Illinois,357100.0
17031842800,Census Tract 8428; Cook County; Illinois,254300.0
17031842900,Census Tract 8429; Cook County; Illinois,348600.0
17031843100,Census Tract 8431; Cook County; Illinois,381600.0
17031843200,Census Tract 8432; Cook County; Illinois,272700.0
17031843300,Census Tract 8433; Cook County; Illinois,267200.0
17031843400,Census Tract 8434; Cook County; Illinois,230600.0
17031843500,Census Tract 8435; Cook County; Illinois,151300.0
17031843600,Census Tract 8436; Cook County; Illinois,390000.0
17031843700,Census Tract 8437; Cook County; Illinois,689400.0
17031843800,Census Tract 8438; Cook County; Illinois,172200.0
17031843900,Census Tract 8439; Cook County; Illinois,142300.0
17031844600,Census Tract 8446; Cook County; Illinois,314700.0
17031844700,Census Tract 8447; Cook County; Illinois,296400.0
